id,source,title,url,author,posted_at,hn_score,hn_comments,fetched_at
npr:de34f7427218,npr,Nonprofit sues the federal government over plans to paint Lincoln Memorial Reflecting Pool blue,https://www.npr.org/2026/05/11/g-s1-121548/a-nonprofit-has-sued-the-federal-government-over-its-plans-to-paint-the-lincoln-memorial-reflecting-pool-blue,Anastasia Tsioulcas,2026-05-12T05:10:36+00:00,,,2026-05-12T01:00:04+00:00
npr:3e2fd518647f,npr,Why cruise ship passengers with possible hantavirus exposure went to Nebraska,https://www.npr.org/2026/05/11/nx-s1-5818277/hantavirus-quarantine-cruise-ship,Scott Neuman,2026-05-12T03:19:18+00:00,,,2026-05-12T01:00:04+00:00
npr:88df691ab5db,npr,New poll finds a majority of Americans unsure if attempts on Trump's life were real,https://www.npr.org/2026/05/11/nx-s1-5818557/poll-trump-assassination-attempts-conspiracy-theories,Elena Moore,2026-05-12T02:17:55+00:00,,,2026-05-12T01:00:04+00:00
npr:6ed9a650f048,npr,"Abortion pill by mail allowed for at least 3 more days, the Supreme Court says",https://www.npr.org/2026/05/11/nx-s1-5818316/supreme-court-mifepristone-telemedicine-alito-delay,Selena Simmons-Duffin,2026-05-12T02:14:36+00:00,,,2026-05-12T01:00:04+00:00
npr:70368af030c7,npr,Can Chinese AI solve inequality? + How dementia comes for your bank account,https://www.npr.org/2026/05/11/g-s1-121351/can-chinese-ai-solve-inequality-how-dementia-comes-for-your-bank-account,Cooper Katz McKim,2026-05-11T23:42:50+00:00,,,2026-05-12T01:00:04+00:00
npr:94ec1fc5b11d,npr,Trump wants to suspend the federal gas tax as prices soar amid war with Iran,https://www.npr.org/2026/05/11/nx-s1-5818446/trump-gas-tax,Danielle Kurtzleben,2026-05-11T21:59:38+00:00,,,2026-05-12T01:00:04+00:00
npr:34edcc118bfa,npr,'Atlanta Journal-Constitution' chief steps down as bold goals yield to tough realities,https://www.npr.org/2026/05/11/nx-s1-5818208/ajc-andrew-morse-leaving,David Folkenflik,2026-05-11T20:14:23+00:00,,,2026-05-12T01:00:04+00:00
npr:e15603f6ed93,npr,"Trump rejects Iran's ceasefire proposal response. And, Congress to tackle ICE funding",https://www.npr.org/2026/05/11/g-s1-121375/up-first-newsletter-trump-iran-congress-ice-cbp-hantavirus,Brittney Melton,2026-05-11T16:31:31+00:00,,,2026-05-12T01:00:04+00:00
npr:76ac40d16a6f,npr,Oregon's most unexpected gubernatorial candidate? A pencil with a point,https://www.npr.org/2026/05/11/nx-s1-5781255/oregon-reading-education-governor-pencil,Dirk VanderHart,2026-05-11T16:14:01+00:00,,,2026-05-12T01:00:04+00:00
npr:d669efa532f5,npr,"As ranks of uninsured grow, charity care can be hard to come by at many hospitals",https://www.npr.org/2026/05/11/nx-s1-5813781/charity-care-hospitals-medical-bills-uninsured,Noam Levey,2026-05-11T14:03:00+00:00,,,2026-05-12T01:00:04+00:00
npr:b0b1aafb92f1,npr,Opposition leader Maria Corina Machado talks about her plans to return to Venezuela,https://www.npr.org/2026/05/11/nx-s1-5793923/opposition-leader-maria-corina-machado-talks-about-her-plans-to-return-to-venezuela,Alejandra Marquez Janse,2026-05-12T02:30:25+00:00,,,2026-05-12T01:00:04+00:00
npr:65f38347c125,npr,"Rep. Ro Khanna, D-Calif., on Trump's visit to China",https://www.npr.org/2026/05/11/nx-s1-5816035/rep-ro-khanna-d-calif-on-trumps-visit-to-china,A Martínez,2026-05-11T15:41:24+00:00,,,2026-05-12T01:00:04+00:00
npr:c3129833c85a,npr,Congress returns with funding for immigration enforcement atop long to-do list,https://www.npr.org/2026/05/11/nx-s1-5816261/congress-likely-to-pass-republicans-plan-to-fund-ice,Eric McDaniel,2026-05-11T13:41:06+00:00,,,2026-05-12T01:00:04+00:00
npr:ed5607313e46,npr,What's next for Virginia Dems after state's Supreme Court strikes down redrawn map,https://www.npr.org/2026/05/11/nx-s1-5817567/whats-next-for-virginia-dems-after-states-supreme-court-strikes-down-redrawn-map,A Martínez,2026-05-11T13:41:01+00:00,,,2026-05-12T01:00:04+00:00
npr:07b246172e95,npr,Trump says the Iran ceasefire is 'on life support' after rejecting an Iranian proposal,https://www.npr.org/2026/05/10/nx-s1-5817605/trump-rejects-iran-ceasefire-proposal,Chandelis Duster,2026-05-11T03:18:22+00:00,,,2026-05-12T01:00:04+00:00
reuters_via_google:369c58c41bd9,reuters_via_google,US Supreme Court clears way for Alabama Republicans to pursue new voting map - Reuters,https://news.google.com/rss/articles/CBMisAFBVV95cUxNODJkei1MVEd3Y0NYalpqWTUyVWVEbzNhbThYQjA3MVptanFKWlhGbjdndXRlY0FFM3ZjY3Jva2szZEN0bTlFcGpwMC11UmZhUmdvdUc3MjJwZm1mUV85Y29kaVJ2REtLOFJfQjBUa1RfMjg4ZzZCZGs0eUtsZFJmTWlPY2hoWm54dDk3eDFhLURsOXBWUWpBSmZKX2I1QjBmd3VkeTNjWFFwSTZSUW9TZw?oc=5,Reuters via Google (Top),2026-05-12T02:44:00+00:00,,,2026-05-12T01:00:04+00:00
reuters_via_google:10860714eb56,reuters_via_google,US issues new sanctions over Iran's oil shipments to China - Reuters,https://news.google.com/rss/articles/CBMipAFBVV95cUxNSFRSdkI1TWxrTWJCT1VHQjdsVjNmM05xVDRDMGM4eDRnbC1xd3Bqb3RoS1JnQU51NERCWVRoVWRlVmppV2Nvdk1iSWM0cmhpQnpEY18yQk5rbmxXSE82X3RuczRfUGdoQzBSSTY4bkNIcnctSS1FSDFGSzJuQ1ptSlM0SENqM0NFeVRuUjBHTGtJWHZRbWFRTzdiYnBwRmlVVTJ2Vw?oc=5,Reuters via Google (Top),2026-05-12T04:59:39+00:00,,,2026-05-12T01:00:04+00:00
reuters_via_google:8fcac05efda6,reuters_via_google,Ex-OpenAI exec Sutskever says he spent a year gathering proof of alleged Altman dishonesty - Reuters,https://news.google.com/rss/articles/CBMiuwFBVV95cUxNejRjVEZaWTlmSWZJQkRSWDhNYkFqNm51UXNxTmNsVjFueEhEeTUwZUpvYkpPYjZLMGR5NGVYblpuZFo1cmJsLTNkVXk4OVFpdmwzS005N0hLWDRuNy1OcXhSVkFHT1FxcXBFa09GV2VqaGkxM3hPb2ltak1YU05jdVc3S2dUOGhMZGRiWHJFcnlGS2FCeEotQ0dPYWpPb2JneFpVSlhtZ181TmdZTEhEUEduU1BtWEs5X1B3?oc=5,Reuters via Google (Top),2026-05-12T02:48:09+00:00,,,2026-05-12T01:00:04+00:00
reuters_via_google:91b987393070,reuters_via_google,"UAE has been secretly carrying out attacks on Iran, WSJ reports - Reuters",https://news.google.com/rss/articles/CBMiswFBVV95cUxPRVR5MnozSldhdWdnVTRZakJJMG8za2l6V0xUSjhFOUwtVTY0aWdJa2U5M1dWM29Qa012QS14ZUxpdWJoUkRuRzBpNXhOR2tyNjZuYUtKYVV1RjM4bExEMWxOZ09MbHhrLXFSdUNYY2tPaUVJTVlqOFhRek5jRnhPTWI2WjdOT1VjTk0tUTV3d29qZm9SVEF4SUdEcTZVRkxFQWpxdU5lOUd3S3hOYmpyN1ZZMA?oc=5,Reuters via Google (Top),2026-05-12T04:37:49+00:00,,,2026-05-12T01:00:04+00:00
reuters_via_google:20998c110a52,reuters_via_google,"Microsoft, Google, xAI security test details deleted from US government website - Reuters",https://news.google.com/rss/articles/CBMiwwFBVV95cUxNVGxvQjN5RUR4T2FFODZGUkJpZ3hDUi1Ba0dJVGxIcXNsY3BlZ0JzTUdGNU4ybHE5aWM0UVEyb1JhZkd2UFFWUGZ4U3JLcTZmM1Z2QjZYRG1ycy1XazdYUlRvcm5faXhPUU02SkdXVzJ1dEhZR0dWWWN1LV96RzlfNHp5NHZHMmVmT3czbEZaTmxVLUExNE56a3A5MTVNay1VSEFfSDVCR05ja19UcU1JeUFtTFhyWW9sMWFtYlRON185NjA?oc=5,Reuters via Google (Top),2026-05-12T00:50:21+00:00,,,2026-05-12T01:00:04+00:00
reuters_via_google:4dedbfcf5993,reuters_via_google,"Americans don't think Trump has explained Iran war goals, Reuters/Ipsos poll shows - Reuters",https://news.google.com/rss/articles/CBMiwgFBVV95cUxQbEJHMXBMVWNQT0J2ZDBwZlNfcFFNb2cxaEFxQ1Mya0dlSnQyMVVmYkxRblNGSHJoZVJUSWNEdHdUaWJwSHZZcXdQYzlqd3hWcEViV05vRTdjMGg0SDJ6dm5tOTlKY3J1T0lHN3pnM082VzJOeVozSUtBNlhwNENnMnZNd19XanBfX1JSX3liNkJScEd2Mjl1clJMM1FVNGJEdGtxZ25CeXlhcVdOV0ViRmowcTNyZ1RWY21ZUUxGbXozUQ?oc=5,Reuters via Google (Top),2026-05-12T01:20:13+00:00,,,2026-05-12T01:00:04+00:00
reuters_via_google:e1833e26fe15,reuters_via_google,Virginia Democrats ask Supreme Court to revive their US House voting map - Reuters,https://news.google.com/rss/articles/CBMisAFBVV95cUxNNXFrVHJSNVE5NHBmUGdhNnA0WU02OE50ZllfWjZINnVncTQzbE5wRGZEWFFtRWhqMFF5cUlpaTlieUYtTXFrRzI2bmd1MkJmU1NYWVdVYXpwVzJXRHNOVngycWEzcnN0ZDNIU0FmX1Y2Zl9jX2hnVy1ibTE2d1k3TUNLV0NxWkJvalVRMlR6amdFWkxndjVhd0tTMmU0aW11V3UxWF9veUlmUzY4U1VqNw?oc=5,Reuters via Google (Top),2026-05-12T03:07:55+00:00,,,2026-05-12T01:00:04+00:00
reuters_via_google:de60c2f37e72,reuters_via_google,"Trump to sign orders to boost beef imports, grow herds to try to reduce record prices - Reuters",https://news.google.com/rss/articles/CBMiugFBVV95cUxNbTFfeXZROWNSTHhDa3p1TmpRLXl3Q3JJaHNwLWNTdGpxRzA4d3NmUlBkNEtOeWJ3T0ludGFRd1BSYXZVMTUtVlFiemhVQmYtMDJNVTVtVkxHN3VVVWcwSHZwVE02dlYwdkM3bmN2b0RHWHpiektUa0pUbjhNWkE3bl93aVp5bWhFb3Yxa2VnU3NYNUpDQUxfekpQZUNRR1BoQUZMT0tKQlI4M0ozTFFURC1ZQ0Q1dTVNYnc?oc=5,Reuters via Google (Top),2026-05-12T00:54:28+00:00,,,2026-05-12T01:00:04+00:00
reuters_via_google:ae210597a6a5,reuters_via_google,Zelenskiy's ex-chief of staff named as suspect in major corruption probe - Reuters,https://news.google.com/rss/articles/CBMitgFBVV95cUxNcmFBZC1EbGt4RUdpWXhsVFBqbXRrbXhHc2ZpLWsyZ2pFd0twR1d5VTFzUzcwWFZfN3N5VkEyX2o2MHQ4b1FnVVRYOTZhSXNldnZ3LXBwbTUyT3hURjhjSnV0eWxDeWpvcmxPSjVURElLZjJsRGpJNDdROExvbF9wNEFRTUtqejhFUjZaZXI1aVhzd1VfYmVsRjlrU2N6NW55UFA0NzlTcFFRUHAyWVVvbkVZbExGZw?oc=5,Reuters via Google (Top),2026-05-12T02:11:54+00:00,,,2026-05-12T01:00:04+00:00
reuters_via_google:4347ebab59fe,reuters_via_google,FedEx resumes MD-11 cargo flights after FAA lifts grounding order - Reuters,https://news.google.com/rss/articles/CBMi2wFBVV95cUxNVzgtY18wSG52TTFIbjRvUFp6UXJ1QjlKeVgzZHF0VzEzbENOTkg2b0dGeFc5Nm9VTTA1Ry1KZEl6Uzl6UGlObmxzcUVSOGdKdU5wQVRKQW5GX2JKZmlJNnBWS2t2N1lZVWtMRnJlcks2a0lQYTdzZGRSV1FVbXpvLVFNLUVCZ01XbnlDYVhmajFzMy1DdFRYZUR4U2pkbmR2N25LbThPdE9xVWt1RXJ1UDd3N0lwLTBUdUhUZVN6am9kaDMyeHdXT05DdlpRVjhqWUV4R2gyVWZaRXc?oc=5,Reuters via Google (Top),2026-05-12T01:28:49+00:00,,,2026-05-12T01:00:04+00:00
reuters_via_google:0484fc2b4581,reuters_via_google,"Netflix sued by Texas for allegedly spying on children, addicting users - Reuters",https://news.google.com/rss/articles/CBMilAFBVV95cUxOeWVZRHcweHdqVEZ2Y3FlNzBGUlNBX0ZrbFhWOU55NVJzd1FvMWhKOUtBcHQ3TWhVRExYZENHcHkzbk1UcTJPWV9CbUg2Xzd4SXVSVWdZLUtDa3ZHNENBcktQNk5wTXEwOEhfY0Y1TUNHc0hWNGtST3pMUVhmaTdSdGR1MFZkUkFfT3VEVXhhNFF6b0JV?oc=5,Reuters via Google (Top),2026-05-12T02:55:40+00:00,,,2026-05-12T01:00:04+00:00
reuters_via_google:ae977e651942,reuters_via_google,"Apple, Boeing, Citi, Tesla, Meta executives to join Trump's China trip - Reuters",https://news.google.com/rss/articles/CBMitgFBVV95cUxQV3hkVHczczExMTZFNnk0NmhYR25naGt0eVY3QTVWS0VPVEd3UnhBZnNVVlJZN0VNM2JzTXNNRTdjR0dQNHJVXzR1Sk5pSGdKa01TS2JlVGw2QzJYRGROdjdLX0p4Vm44Q1VmS2JjOE9OQWRtdXlKbHBUZld3ZDY3bEctQk5vekF3UzhDNXZXbmJsaWZBMFJrU3hpdzk1QXp2MlZuU3VuVU5wNkQ1Q2hYSGE0RUhLQQ?oc=5,Reuters via Google (Top),2026-05-11T21:14:32+00:00,,,2026-05-12T01:00:04+00:00
reuters_via_google:ba5b7cf88ad9,reuters_via_google,Family of Florida mass shooting victim sues OpenAI in US court - Reuters,https://news.google.com/rss/articles/CBMirgFBVV95cUxNYklVTzNFUUxyTTdLYzh4ZmgwWHRSRUtnN0x1c2tqdS00M00wSC1hbDNxRm5YeENXNFEzY1I4YlVrQVNlWlhEVGJSVjR1ZGtRZzE0YTBpeG8zYXExS0NnQkN6MWxoNTJrcm5aUWU1WGF5N2QyQjhrV0c5UGFCQ2VqaVM5aGM3cDBZQlQwQVlrdFBTeFp1TDBidnBHYjg5NVd1bkItbFdyRHBrTWpKcUE?oc=5,Reuters via Google (Top),2026-05-11T23:01:44+00:00,,,2026-05-12T01:00:04+00:00
reuters_via_google:ced8cf561582,reuters_via_google,US says 18 passengers flown back after hantavirus outbreak on ship - Reuters,https://news.google.com/rss/articles/CBMi0AFBVV95cUxQcl9yLWdrYmE5Q0FITXdDRVc4ZU9sSUl4WXF4ZFJHdEt2RDdtRmE1Z2F2Q3BkYnlUa1pBQUdwTXExQ2hCLXpWNVFlbVp4ZHFkR2F1V24wOTAzWXNrRHVtVm9oSDZ1UkFHSFpXTzBlMGJvVlY1dy12aFFKSldRa1c2TmdIZ0d3NDJCQTJyMTdBYzZSRllkQU5CV2xLWmVJRVFlTVNWNDgxb2hSc0dTUjd5UlEtZXBRY055S3ctSk1BRDhMQmdjVkZZU0kwNF9yWFQx?oc=5,Reuters via Google (Top),2026-05-12T01:43:36+00:00,,,2026-05-12T01:00:04+00:00
reuters_via_google:d95f0fce9a07,reuters_via_google,"Trump says he will discuss Taiwan arms sales, case of jailed tycoon Jimmy Lai with Xi - Reuters",https://news.google.com/rss/articles/CBMitAFBVV95cUxQQnduamlXWHhEb2tjWkdCQk1FR0Q0V2c0ZFNfbTE1dU02b1BEdWJ2M2JHckFSWTZxNHdOaHNfSldhUUVUWkVNM0UtSDZjREwtQXNyY1AzdGJ4bkIxRmpTWUQtaE1LU2JvcWVsLUVfZlVyT0ZTR0dVdXFHb1dxR2kzWGRsY19TMkU3Q2psbGNwbVptTThTLUtMQjlSSG9tckdVeDh6NklKa251dDlSU1ZLcmtFNmE?oc=5,Reuters via Google (Top),2026-05-12T02:47:01+00:00,,,2026-05-12T01:00:04+00:00
reuters_via_google:757b2695b5a3,reuters_via_google,Congo rebels pull back from key positions amid US pressure - Reuters,https://news.google.com/rss/articles/CBMipAFBVV95cUxPYjJ4U3dFU2RJdHdSUEp4TmRGeTZfbnZ0QnFsVDY0VEE3MWNCdnhERW5HcnlUVktYVWpTcGN5d1k1QUlGc1YzZWlpb2lmNnNBNFFHZEJTYTZEZVJRMk9rU04zWWphVEJQV0R0N0YtUXF4NlZoWmdGSFBqLUs3MjNsQWRHckdQeGU4SGVrMmRZYW5ISlJqZkhreWJpWjRZTDVxSXRXYg?oc=5,Reuters via Google (Top),2026-05-12T00:11:43+00:00,,,2026-05-12T01:00:04+00:00
reuters_via_google:4aca48b99059,reuters_via_google,"Action camera maker GoPro to review options, including possible sale - Reuters",https://news.google.com/rss/articles/CBMivAFBVV95cUxQd0RzQTRwbTFJaGZHa21Ed2g1SjdlSWVSX2d3ZTdzVFhmV0hoVEhUOHdDbzVOLTBrcHhqaURoTlRQSl9BVjZaX2ZCdjJ6dUJGbk12aDhQX216ZGdCS0dhVVU1Wk9kc18xeDg2Mk55cE9Kckg3SGJqZXRZaXhyS3J0dHVtYUp5cW5UdDl2QTlpRms5ajlNYXdWMWpiN1hRRUlIWEk4eWlibHBMWExRbkhhUnlzMGpDZlZtRGNKaw?oc=5,Reuters via Google (Top),2026-05-12T02:20:13+00:00,,,2026-05-12T01:00:04+00:00
reuters_via_google:0ae619c3ce4d,reuters_via_google,"White House invites Musk, Cook for Trump China trip, Bloomberg reports - Reuters",https://news.google.com/rss/articles/CBMisgFBVV95cUxPbWthR09kX01NMWF2RlE1b0p4S1I3R2I0Nl9rMFpIbVk1YWV5bGtkbUYwX1ZOQ1M3RnEyc2JOdWo5aG1DYmxjdGZwaDdSUjVheG5JRGs2a3FoS1lYaTI4QlN5TVNEU2lGRUE3NmRLMWRrMkZmWG5kdExGRDltTXFlSXByWGhXVWFZaExCWVo0dkxzVVhMMFFxRHdWREZUdVVjNUM1dUszemJULTZSR2RfdkNB?oc=5,Reuters via Google (Top),2026-05-11T20:44:09+00:00,,,2026-05-12T01:00:04+00:00
reuters_via_google:a949d0b36d78,reuters_via_google,Trump says he supports suspending US gas tax after prices remain high - Reuters,https://news.google.com/rss/articles/CBMiwAFBVV95cUxPUkNMYWQ1MDVIbWZpTkxYYy00UHUtblhya21wWk5Za3gtWDFPc05FUlpSSWhFREhteTFlbUN5Q09taGMzV09FczJacHVzeWlhMDhBNDdOXzh4b0laOUN0d3A5dFlVREsyQWJsOVBsUGl6QThvOFRRdGdQTjltbGtuZkoxTDYyZmdQQ05jdkVPMHRGbnlhQTlmcE80ZHFsMUNOT185Tjl1ek9xdzVOZGdsMTd4NGpXcTVGZ0FmOGI3VGE?oc=5,Reuters via Google (Top),2026-05-12T03:46:03+00:00,,,2026-05-12T01:00:04+00:00
reuters_via_google:68b6fa1f83d9,reuters_via_google,US senators urge Trump to 'stand strong' on shipbuilding in talks with Xi - Reuters,https://news.google.com/rss/articles/CBMiqwFBVV95cUxOWTBTSkdQQXNvZzlTa0lCTklKNlFCY2RfY0o2bGNiWkxqNC1sajBNTWlHM1o4eTV3c2pheVQxV3NkNXdxV0hXZGZEcnowV2tGWVRiUkU1ZmhhT3pFYWtBNWpTb1VWV0l1VWcxRzdtX1VFQk95TTh0SmlTQzUzeHBwbXFoSUhfWThzdzVnTzkteUlvX2F5aVpGcm9vbmdNR1Z4UXdpVTBHYUhXU0U?oc=5,Reuters via Google (Top),2026-05-11T23:14:09+00:00,,,2026-05-12T01:00:04+00:00
reuters_via_google:29db16d2baaa,reuters_via_google,"Elon Musk, Apple's Cook and Boeing CEO going to China with Trump, official says - Reuters",https://news.google.com/rss/articles/CBMivgFBVV95cUxQckMyb0VyUlFWdTJMYTZoTHFsZkEtSld4THFVS1RtdktkTy1yaUJQTWhfdmhMbnNKZUROS0tJVmxkc2tUUG9jRGswZEhCdWdNYWl5c1U2dUVQejhGS0l2R0xnRlU5Y3QzOEp0V05LTndmUm5yUTVCVTU1anVzaWdGX0p0MzVEUFRTQUxVczBHNEJYQ0RGRXduVzRPOU1RcUw1SnVZRzVNb0ZOc0p4dFozRTBuLVNoWjBqcG42RWx3?oc=5,Reuters via Google (Top),2026-05-11T22:48:13+00:00,,,2026-05-12T01:00:04+00:00
reuters_via_google:aec93f03b23b,reuters_via_google,Lawsuit seeks to halt Trump’s makeover of Lincoln Memorial reflecting pool - Reuters,https://news.google.com/rss/articles/CBMivAFBVV95cUxNZE4xNFZKa2lCQ0ZlZUNYdF9XUjZnM0dsSG12RXc0eC00VC11VDNGMlpSeVdlbnNycHF2RGpqNUM5bmE3M2tybVJ3eGtidXJRVzlfMVRIeHplMEIxTFRxMm8tZVptX1hBYkV4Sk50azdNVFBmMG80VEZjVlJreEg0aXdtMkxwNjdzVTlFSmhnVjByNTVlQ0ZWYXV2aVBESmo0eG1teGZWXzlMcV8xOFhONnF4NGhDWFlIM2MzMg?oc=5,Reuters via Google (Top),2026-05-11T23:24:37+00:00,,,2026-05-12T01:00:04+00:00
reuters_via_google:a310d1df49ca,reuters_via_google,"Trump administration aims broad censorship campaign at Disney, FCC commissioner says - Reuters",https://news.google.com/rss/articles/CBMizgFBVV95cUxNcnZodC14a25UTFdiMTlmSWlzdFlDN3luTHZsYjZJbGg4dXd5VGF2Nnh1Si03YVJBUXBHWXNVVjlybGxkYlFTalFMRUZRRTExTHFtUWdjN2JHcFdiODdmOE9tc1lBcGFPMU1XeDFiNmNPLXc3NS0xODNEMlJvWm8tNk4yVXgtTXNjdkVnbXNtRzlXemN3ZDhZamNkTWkxcnhxZUJPMm9JTXdlSXNPUXA1VzVKLUU0Z1NYZ3FUZFdJS3VmUGtjQW5wOUxoSDkwQQ?oc=5,Reuters via Google (Top),2026-05-12T01:00:00+00:00,,,2026-05-12T01:00:04+00:00
reuters_via_google:8b3ad33c22eb,reuters_via_google,California county sues Meta over scam ads - Reuters,https://news.google.com/rss/articles/CBMiuAFBVV95cUxNazhoNnRpTnJTb25TUGdLOFB3TC1QN3VTUjlYT0hJZjJxS3JPOF92dmswRkNKcV9CeUVkNlhuX05VMjIyeWh0WU14R0RvN0licEE4Qm0zOENlX3pVcUg0SUU5V1QyNmI2Mk9tNkRKUEpac0w0WGVwSUpfaHVIblJEcTgtMXNLbHBFbmJWSUhNVFZUYlEwOEpWTnRoSy1VSTdmWmN3S2RlMG9Cb0NWZzNickJ0Q05wTk5m?oc=5,Reuters via Google (Top),2026-05-11T20:22:05+00:00,,,2026-05-12T01:00:04+00:00
reuters_via_google:cbd51f725d32,reuters_via_google,"Exclusive: India declines Russian LNG under sanctions, talks continue on permitted cargoes, sources say - Reuters",https://news.google.com/rss/articles/CBMixgFBVV95cUxOSGh4dmdOU0F5MUxPRjg4SkJDYkNjaUtMYzRQR29qVHRzRDlRajNMYUpVNFBfdE9wZExkcVpxMzlReUszV29LSzBHbFJwRm1USXQ2ZXc3bmJ6d1g5TFRXa3F0VTFmUnBfSDVhVW9PMGNPWm5ZWk9pcUNUZlhjcGtYNURsNE9jTlJQRW94ME84TmpPUEYtSGxqVXVOdmNwSkV3NHhqbU9DMEVRcm9LN0JTTm5LekZ5ZFZneTlRQWFRM3ZvS281Wmc?oc=5,Reuters via Google (Top),2026-05-11T19:30:01+00:00,,,2026-05-12T01:00:04+00:00
reuters_via_google:0c7d5f09e2eb,reuters_via_google,"India's Modi to begin five-nation tour, including UAE, amid Middle East crisis - Reuters",https://news.google.com/rss/articles/CBMivAFBVV95cUxORWxSU2U4dVBLZ25fdE1zUlYzbWRzd0xpYVUtUDZaS3ZGcjNMZm80bmpWSFNIYnQ4aEpLVm12QVVNa3VmenhsODI4bnpHNHZ0WUZueXBBeXhfYVI0ak9iN0I4eG9Ya0kyWmNTOTBGa0Myalc1a0pwN2V2bl9yX1d2NVBuZWNyR2lyNm1lSVZVbUsxV2otTHVWLUtfQ3ZDSXhjLTRnOW1SZWt6em5aSWNjeGh5ZDBpNHNseVU4Rw?oc=5,Reuters via Google (Top),2026-05-11T21:52:27+00:00,,,2026-05-12T01:00:04+00:00
reuters_via_google:25097adcee83,reuters_via_google,Man accused of attempting to assassinate Trump pleads not guilty - Reuters,https://news.google.com/rss/articles/CBMingFBVV95cUxPVklkTG16eV8wSk1DWGlEXzVIVnRGSlhSWVV2cmVobHZSQkE4UGdVeGppTF82VzB1cUxFWnpOeWFyTldweWRReVQ5eWFZbFJZUEF5S3l5ekNwMUk1NEtqbU1vTEZMQjdEWEctQnpDR3hiLXJka3NxZjBBcmxYT3dFMHhuVjY0RWdWRTJHOFpoQzluOS1FZFRTbGRHY0w3UQ?oc=5,Reuters via Google (Top),2026-05-11T23:37:53+00:00,,,2026-05-12T01:00:04+00:00
reuters_via_google:3b4e3d93e17f,reuters_via_google,Eurovision's other Israel-related challenge: new voting rules - Reuters,https://news.google.com/rss/articles/CBMiugFBVV95cUxOUDhudU9BdnJPNmRPVVU1VmI3UW9ZNWlvOFpsaXdiLWpYNVlYaXBsYmR5dENKWGhnWVcyVFJIdlp4TVdDZnJKTVFWYjJqRzZNYzNWNC1iOTRHdmtUVHFtUGQzTi13QmNraFdsNEZWQ2ZWSUIzMHVfSFNuekhHX2x3bHBxcWoxdE1jUEJ0WUlXNW9OeG5sZi1WZjNMcEFGM2R5Z3VZRk5JMjBTTXVxZ00xVFd0cFNuRlVvZnc?oc=5,Reuters via Google (Top),2026-05-11T20:35:41+00:00,,,2026-05-12T01:00:04+00:00
reuters_via_google:1510de7f0033,reuters_via_google,EU ministers agree on sanctions targeting violent West Bank settlers - Reuters,https://news.google.com/rss/articles/CBMiqwFBVV95cUxPV0hTX0YyaGRwN0w5NFdTYkZvUGJsTTltZENMRDhLeUFyemZabFQyYXQyemtuLXNrelhHZUpwMzhJZklCWGFENFk4UDJOdzQzakE5eXdYZnRSUGhuRTJudUlSc3l3QkhaWTZrMExVTlAyQ0dkeWltQXQ3SU9sOFluQzAwZWhTUHpWOHpxSkpvT1VSbGNuZU9FdkFYSlBjSXBjQ2NjdllZMTAzNEU?oc=5,Reuters via Google (Top),2026-05-12T00:47:17+00:00,,,2026-05-12T01:00:04+00:00
reuters_via_google:83204b16d6be,reuters_via_google,OpenAI creates new unit with $4 billion investment to aid corporate AI push - Reuters,https://news.google.com/rss/articles/CBMitwFBVV95cUxONzBVZGx1c2JvQTRJeWZ2d1FPQU1GTnhSaEZONVV0YmpaRnI4WE50Q25udWxlNC1LbVR0ZkJnTzJYM0dRekdNZWVVempHSEZJT1ZTS1Q3bDI0NHJRdW5lOURaUmNPX0UtQVNnUXNyQUhXQnhvd1lYT1JZdXl5dWtiNk9CblcxV1FHQmdoSGpiekJjX3kwSlZSeHVOcE93ZHY1VU92bldWRTZqb2NKck1yUlRqWjkzRk0?oc=5,Reuters via Google (Top),2026-05-11T18:59:44+00:00,,,2026-05-12T01:00:04+00:00
reuters_via_google:aa52cbfa30b7,reuters_via_google,"Hackers pushing innovation in AI-enabled hacking operations, Google says - Reuters",https://news.google.com/rss/articles/CBMivgFBVV95cUxPZmx3aHF5WThIVEpsUnpPNXkxUGZOamt6MTlvMXFhYm5WbUZNUG11V21qb2ZSQkZpSFZNYkRZcDhobGxQeXhlUkpBanY2YXhmMXhFM0otcEd4ZWU5Rl9CSVhLU2lSV0N0cGZYdl9IYjlnOGVFQ3JBZTF3el9EZE1SX0w4azl0ejlXM1V3RnNsTVM0cEE0RzdlR00xVlJoUGZmQ3M5TUlmY0Z6TTlGQmVlZmY4VDV1Nkd4aVgzb29B?oc=5,Reuters via Google (Top),2026-05-12T01:55:45+00:00,,,2026-05-12T01:00:04+00:00
reuters_via_google:c316d50611cd,reuters_via_google,ICC confirms it has issued arrest warrant for Duterte ally - Reuters,https://news.google.com/rss/articles/CBMirgFBVV95cUxPNVkyRzlYVVViT0xVQ0s4V21WYzQxVkNhN2tiS3JkSWdlZnJ1RnpEekp4ZmNTaU5GV1J2aFEwTjRONjc0VVd6UndUOGFRaFBwY2thV1ZsWWF0bWZWTW1QMGQ2emNBb2lJZ0VnRk1tTWU2MlRFb3o2NW40YlpzYkRLZmZOYUhCS05tclg0Z3o3MEhtR1ZERWZJTzNOYm12SjRGa0NHUWpTeFlQV081UlE?oc=5,Reuters via Google (Top),2026-05-11T18:58:51+00:00,,,2026-05-12T01:00:04+00:00
reuters_via_google:ba607f17cb3a,reuters_via_google,Sony Music Publishing to buy Recognition Music catalog; source says deal for $4 billion - Reuters,https://news.google.com/rss/articles/CBMiwAFBVV95cUxPMmYtanN4cHpnbEIzc09ZNFIyQkNwMWNLOVhsNjZWc1BBRTQ4NUZRUzBFSUdNZHVKamJPNTI5NnZncHgtRnAzQnhkQ1RROURvYlBmX1g1Ui1FSlpnY0syNG00RkJhVkxGeVN6VEpPS3BLRTNRdjQySEEzSjVwSmJDRkI3d3dJSTBwaC16b0ItTVNIVnZGWU5HZkpsdWsxMkl5OVhzZ2dZNG9CVkhVUU54YzZMdldyQ3pKc3R3cVR2UG8?oc=5,Reuters via Google (Top),2026-05-11T23:19:10+00:00,,,2026-05-12T01:00:04+00:00
reuters_via_google:bb08dd0d9a2c,reuters_via_google,WHO says seven cases of hantavirus confirmed from cruise ship - Reuters,https://news.google.com/rss/articles/CBMiwwFBVV95cUxQSEt6V1pkVVhfTFh2aUdqYkdDMHhTZ2tDUnlta05feGs3SDB3b2FuUl9oU3hnRFh3aEpkZVdCNnYzRVJSTEdUMW1WdENHX09oZWZtQVc5VWRfTDdVOFhHbUtsVGw5VlJsR3BYUldJMGFTT1FXeWVWM3pMVDVZNU1PTFdIem14Yl9pZ3g4QmRBa3V5U2FISjhka1l5cmFKQm1rUzJsLUVCNmJxNkJyVGR4blpIbE44dldDV3FxcEh1eHpSTG8?oc=5,Reuters via Google (Top),2026-05-11T17:25:43+00:00,,,2026-05-12T01:00:04+00:00
reuters_via_google:40471f9d110e,reuters_via_google,Philippines' Duterte ally in standoff with law enforcers after ICC arrest warrant - Reuters,https://news.google.com/rss/articles/CBMivAFBVV95cUxQTWJKTHd6bHBQNFVGUDdPVzUwM2dqbVJrSUNNTGpFRjNQVmF2YlVYTWItNHRSb3hmQXBDWTJyZU14UVdLMllJaHk4MEVUMWVmQ3NGeXFnNlFDOG1rTTR0eEtZMXNFT0VJaGozcGlSb2pOTmVoM1J5bmF1d3I3bS1rbFg0LW0tb1Q3U2ZDbHpFNDZfOS1WWGxMdEItclUzVzNNTUVWTTNnaFFSNTNBdGwwSk0wdWp4VEMxVHFzZQ?oc=5,Reuters via Google (Top),2026-05-11T20:47:34+00:00,,,2026-05-12T01:00:04+00:00
reuters_via_google:4228c6f553c5,reuters_via_google,"Stock market concentration - a feature, not a bug - Reuters",https://news.google.com/rss/articles/CBMisAFBVV95cUxPMld2eFQzS0JvWndnRzlRdzhpc3FwXzQxUTVPam9TVV82bDdlQjE2ZzFXT2xLUGQteldTN0ptVmJLSnhMM2xza0FUWmF4RE1qNHpEU1FJVDZ1QmtoTUNnVzhNd21CNHFudUUyVEp4NzNndk10azJLakRXQi1GVndWRW8tcE9LTTJGV1c0ZVNWWDZrWk9LaFc5d1BuMmM5X0x3MVJGU1RVNnYyM2lJby1Deg?oc=5,Reuters via Google (Top),2026-05-12T04:30:25+00:00,,,2026-05-12T01:00:04+00:00
reuters_via_google:ea68c068df5b,reuters_via_google,South Africa's Ramaphosa faces down calls to resign over cash-in-sofa scandal - Reuters,https://news.google.com/rss/articles/CBMivwFBVV95cUxNZ3R3anBheHczMGRrV29lN1JBbkx3aWJPVmQ0TVY1WE9RVjA0dzRPazZtaDZSZ251R1A1ZndvTXFsdG5Wd1BzY3puRGt1R2ZCNWJnSGtmNERFQ1AyMVAwYkpTaFllZFYxR1JoYk9mNHJqdGd6Nk9VWHU4Q3JXd3hudlVsMmh3QjdHMTJFcDdpVXNNTGVPQVYzYVZLdXpiaHEzaW9MNUFnNU9QaXVoaFcwaE5VOG1KMU1HbGlCVGhCYw?oc=5,Reuters via Google (Top),2026-05-12T03:47:12+00:00,,,2026-05-12T01:00:04+00:00
reuters_via_google:351029a48534,reuters_via_google,Zuckerberg backed-Cellular Intelligence acquires Novo Nordisk's Parkinson's cell therapy - Reuters,https://news.google.com/rss/articles/CBMiywFBVV95cUxOUjdER0RycXB1SGtURFpYQUI3alJUZGJiRTZNTnd3OEVZUUh4eUEtaFRMRmYxX0lzaXJYazRkNGhTWHFuU1FDQjdCSXBQQjNOYnBpZ3RqTnhZN3VGVjFtS1VkUldZeWNoTkhfaUlrdGpvUlJxTm90dXl1ZHZSSk5qTGJ4aWZBd2tmZXp6cE9TV2t2MzRFS20tQ0VwQVBlTHZscmQ3Q3dwV1RVeTNSR1FmeHV1ZEIyRW0wMnp4dUp0U2FDMXFCUi1PSFlJZw?oc=5,Reuters via Google (Top),2026-05-11T17:42:53+00:00,,,2026-05-12T01:00:04+00:00
reuters_via_google:be6f3667e4dd,reuters_via_google,Shein accuses Temu of 'industrial scale' copyright breaches in UK legal battle - Reuters,https://news.google.com/rss/articles/CBMiwAFBVV95cUxOWTNjeTdFZWYwa1R2cHVqRlFxYUVCbDQ5RGphZHA2WWVUcDNtWmhkNkpHODdlSVg4VF9NUFNuV2Vsd1YzbXBPSGR6Z1gzVC1WczYwOFBsanFxa1F6aTFzQm0ycGRWZGR5a01zT2NyYk5TeDhWb25abW1WTkV5NHc5T3FZa216aVRfU3R2bTVwZko0TEtXZmxBVVQybFVNSzVwbGZmWFRWSFJNSFpTNk5JY0hEVjV3SHRBV1FQZW5GODA?oc=5,Reuters via Google (Top),2026-05-12T01:56:57+00:00,,,2026-05-12T01:00:04+00:00
reuters_via_google:f56eb9bc49eb,reuters_via_google,Lebanon urges US to put pressure on Israel to stop attacks and demolitions - Reuters,https://news.google.com/rss/articles/CBMipgFBVV95cUxPandiMEJ6Qk01eHVaRi1IeV9pcEZYXzl1Vzh5c3dQNmg1N3FOUF9jU2Z4TnJhaUk3UUcyQW5BY3c4cEpyZDNoakg2WWw1ckI4THA4bUQ4RVl4cmtBRmhyQ1dfWjJ5S3ZkRVVUcGVERkZIQl8yMGJuV0cyY0lzZEhTQjdxYV9WUzJmeDd5N3MtaEtqTkhaaU9PTXBGSjc2SFNOVjZTb2NR?oc=5,Reuters via Google (Top),2026-05-11T18:49:22+00:00,,,2026-05-12T01:00:04+00:00
reuters_via_google:dd6f03ad0cf4,reuters_via_google,What key issues are Trump and Xi set to discuss on Iran war? - Reuters,https://news.google.com/rss/articles/CBMioAFBVV95cUxPQXVpWUtPa1F0S2VQYVA2RXk2cDZOMVNSOTgxX3RHSm1ZemxkeFhDRDFrTGVha0VEd3dSU3NWOS1zbTBiV1NmQXBudTBrVVpFOXVoTVJuNjZ4VHJraUs1V2JSS3VOVDhNWGlzV2g3d1BXbmpaRnhKVXdGYlpQazh6dG5iRTFXZFQ0ZVQxQlZfMHFlMGVIQy1xYllqbkl3UkVZ?oc=5,Reuters via Google (Top),2026-05-11T17:33:27+00:00,,,2026-05-12T01:00:04+00:00
reuters_via_google:8abcb2937a4e,reuters_via_google,"Oil market will lose around 100 million barrels every week, if Strait of Hormuz remains closed, Aramco CEO says - Reuters",https://news.google.com/rss/articles/CBMixgFBVV95cUxQMVJlbkFwVWNVVVZzdm5adjFLMHZsdUxVaVBtRFlVb3NKYXpFSFVWajg3VUdxMVEyVko1aGJNTEVnT3JVQ05OMVV2LWtIeEJ6aDF0SExMS1lwYVRnbVZISjhpdy15WVctR0FpR3RGSDFlWFpSNG9JRUE0VWxfeW5IbUItNElQYUloWUNSclVaZ3dEWC1vUjlkUGxhLVZtRGhRbXhsUWEwM0hKNFZvS1BvMHJOR0NJcEdlMXMtb0ptckZNSENTUVE?oc=5,Reuters via Google (Top),2026-05-11T17:40:55+00:00,,,2026-05-12T01:00:04+00:00
reuters_via_google:11b7e525c544,reuters_via_google,"EU says OpenAI offers to open access to cybersecurity model, Anthropic not there yet - Reuters",https://news.google.com/rss/articles/CBMizAFBVV95cUxPUmMycEVRUGxZV2VUU05oZ0JzMC14Q0JnS2lCZkg1Z1BJSEwzRW52OXVBcFJRdzJLSEYzWGpyQlk5X2x2TC1IalZTdGctLW9RNDdQeHdURG5meFRSU3B3TmVaYTBRTEFuVDlHS3NUMzNiczBSWFlMYmxnYUxiZWJnTF9TZXpOSkZPamZ2bEtsMHN0T3dfdDB4XzQycy1qNmkyd3JfNjVfRl9OVm40U1BDQlp4RGtwVmp2R3o0cloyTzN3OXB6ZHFVdEZRTGk?oc=5,Reuters via Google (Top),2026-05-11T22:31:37+00:00,,,2026-05-12T01:00:04+00:00
reuters_via_google:e2b5e3695721,reuters_via_google,"Byron Allen to buy majority stake in BuzzFeed for $120 million, shares nearly triple - Reuters",https://news.google.com/rss/articles/CBMi4gFBVV95cUxOZjRRQVk2UzlJN0NPd1V6ekh4Z2EwNUJBSU94OVhvUlJUZGxYNUJCQVlldWRNclpFRHVrbUhtMHpnUXg3Z1dEZThtNm95Ym9wT0xQYjhCVDAtUjRFMVlqSXVYSk12Umdiam43MFVoSWJsRkN5VWNURHkzWG5RRWt0SFBLd2V1MjdVUU1IWmZVU1JZbTlFLTQ2ZDRyMTdYdTB4ZGd6UVd3U2xUa3BvdGhacHZsVHZ0eFRHb3VyR3NfM2s4RVBoZk40dW02R1pQcHBnU0ZtMU53M0VaZUpaeXFLS3Bn?oc=5,Reuters via Google (Top),2026-05-12T04:39:30+00:00,,,2026-05-12T01:00:04+00:00
reuters_via_google:15fbabafcf4f,reuters_via_google,"Wall St inches to higher close, AI fervor edges out Iran impasse - Reuters",https://news.google.com/rss/articles/CBMilgFBVV95cUxNalRramdTOWdXOEJkZHl0RVQzNWtQbnE2b3ZMWVc1V3JLZ3IxTFplM1NBVnhRSVBXbHNDV2hXMWJnRnpFeXBoeXcwU1djVzh4UTg0aENiWG1waUtfTnlQeGRDQjJyd1lDdGpFUndna0luRUp6UlNDeDBFWFJlMlFxYmxJckRjM3UwNDRuYmJfcExsRjRmQ0E?oc=5,Reuters via Google (Top),2026-05-12T03:48:27+00:00,,,2026-05-12T01:00:04+00:00
reuters_via_google:a37b73c0d308,reuters_via_google,"Second Qatari LNG tanker heads through Hormuz to Pakistan as Iran war continues, data shows - Reuters",https://news.google.com/rss/articles/CBMizAFBVV95cUxPcVdvRGJBd01JMDBxRzJZQUVEMzNhRjVpRmhhWmhOWmdrRml0c25kZHBjOWFsVDI1RTVKWUcxOF9QZmRPNFFPVFZLcTF6T3ZVZzVTZnkySEF0UVpGdTExVmJpQTRNZDBhMElBeWY0TlZCWlJadi1VN1BCRzZGQnI0Yk8tdU9kT3VlZktEd29QTTk2OVNQRGNWRHlUeG1oRm9Kc29heXN3cXljSE5nVXRGYWJqYnRGSzg0VGtHOWZ1VVh2VktPdHVUR2RnbVk?oc=5,Reuters via Google (Top),2026-05-11T16:42:08+00:00,,,2026-05-12T01:00:04+00:00
reuters_via_google:166f48f7127c,reuters_via_google,Hungary's race to access EU's 10.4 billion euros is ambitious but possible - officials - Reuters,https://news.google.com/rss/articles/CBMitwFBVV95cUxORFB1RGlXaE93S0RySjhzeVp0UlJ4aHRVcjQydEZPUThLRGxSd0swVENxbjZSQmU4YW4xMnotX1lvM2h6OTRRWldHTmdVUXdjWHZTREpwR1Vla25vRFVVZm84SGZhZWpLeTdqd1YzVEZsZFRCdi1QYUtEMl9kTTQ1Tm9ObkU2RDI3TzRyZ0pmS05ubmFhbGNRYVplRWMxbkp6N2NqNm1feXh3Z0FRakpnVGZDb25KRE0?oc=5,Reuters via Google (Top),2026-05-11T17:53:43+00:00,,,2026-05-12T01:00:04+00:00
reuters_via_google:cec0d9a63be1,reuters_via_google,Mapping the Market: Silver prices may be on the road to recovery - Reuters,https://news.google.com/rss/articles/CBMimAFBVV95cUxORjhBaUFDQjVkVjBlZ0FtbDFyN2JRakRkV195cGlfelE4ck9zRDJSaTJmcmVrYlJLSV9Gckt2Z3Awb2Nxa1EyZWxJOXBGaXM4d0pQS1pibjRCYnJxRkVEeUpFOWRObXV1TkNZeW11Sm55cmlCZTJLLWhoTzhxVy1Rb0lXZng2cGVhTkVjNzc5UnNIZG5FNlVqVw?oc=5,Reuters via Google (Top),2026-05-11T15:08:07+00:00,,,2026-05-12T01:00:04+00:00
reuters_via_google:ea120d0c9111,reuters_via_google,Zelenskiy says some 20 countries interested in drone deals with Ukraine - Reuters,https://news.google.com/rss/articles/CBMiuAFBVV95cUxNekE2bmViZy1MWjdjNTA2ZTZrbkhyU2ZiN1VmOTZ2WHVNR1hoaHhtanRqVHg0NURpQ0h5VlV0VGVuZm51Z1ptRHJNbUU2eUs5Z3NWSDI1elp5YkFKd001YjR0N3lvZlQybTlsVWxIWGZiYjI4bXA1cGVLTG5INTRnQ2gyenpYaklLekJNbHRNcTM4anZCcFNmTW5UeC13NEFsUGdQV0hOSlM3VUZDc1NxSm5GRFdYY3A0?oc=5,Reuters via Google (Top),2026-05-11T15:15:45+00:00,,,2026-05-12T01:00:04+00:00
reuters_via_google:68b95ae3ab7e,reuters_via_google,"Alphabet, Amazon tap overseas debt markets to fund AI infrastructure push - Reuters",https://news.google.com/rss/articles/CBMiqAFBVV95cUxOX1VEZEpXRmh4OFM3RGgxX1Z1cjBPaHlWMTZqa3lwbklEcXNSN0VnWVowUFZ1ZEp2LUpUTFpLazFuSngtS2pyMHI2Q283Z0NybFdkTTJGNEtxcHEtX1kxTjIzS1hjTVNOUi1GeDVNRnFjVzFXWHJDRmJnMmN0VUJsUGJrdi1LeUUtbVNtdjZjMjRwaW94SlpaS2lSazRqa1dDX1M4SXUtQWk?oc=5,Reuters via Google (Top),2026-05-11T22:48:57+00:00,,,2026-05-12T01:00:04+00:00
reuters_via_google:f6408af62e31,reuters_via_google,EU ministers dismiss Putin's idea of role for Schroeder in future security talks - Reuters,https://news.google.com/rss/articles/CBMiuAFBVV95cUxPdjhqUmlOMmxPdmZEQUZQeERjekQ0aFFUTGFYNWZ2OVVhV19wZ2JkeGtsazZ0eERNZEhXVHdiVmx1cl83RXhoWG5zZlVOblhhT0hwczRMSUtXSC1XQmQ4OU0ta0NaVzBLOHNQYjVQdDF6dUFRcVFxY1lBYTlzUi1Vc054d3VabFA1YmJCR1E2VUpMNkF6RkQxZ2Nobm5BdWl0YlRIcXN0UmpVRFVLUGZReThLSWhEMXNl?oc=5,Reuters via Google (Top),2026-05-12T02:54:02+00:00,,,2026-05-12T01:00:04+00:00
reuters_via_google:f93aa872476e,reuters_via_google,Hims & Hers misses revenue estimates as strategy shift hits sales - Reuters,https://news.google.com/rss/articles/CBMilgFBVV95cUxQanhQZGhFWml1WURBSEhTdnJYU0RKR2lLdDdCV3phSDc5Q2VGa2RMRFRvU1BNRkVrQ3RrV3Q3T000aG9kdlg2NS1QU0xiMGpwZHlNUUdlSXZBQ3dvOE12Y0R0eXlabFpFUG9iTk8wdHIzQlJpZVQ2VEgzd3B4eWNfM1RBT200LVlUUnJFVks2SFpJU0FmSXc?oc=5,Reuters via Google (Top),2026-05-12T04:40:55+00:00,,,2026-05-12T01:00:04+00:00
reuters_via_google:0d76ac04c029,reuters_via_google,How Kansas City became a surprise World Cup hotspot - Reuters,https://news.google.com/rss/articles/CBMiowFBVV95cUxOcjUxUTYyWUJKcG00dUMtbkNaeWprY1doUy0yTE9MRkt6TkxvTXFGdDdCbkxXZGtrTmtWc0FXMWk4RWVpMlNudGpjWWdjLWhzWXlIRmxRQVhMTnRuN1g5SnF5UDhmVVhKZVg4TkE4bnV5U1JxSm90N0R2M3p3R3Q0cGNaa2hUMDByNkxwSmFDT1N0TTZESmtWQmZWQmk4bEpGdHQ0?oc=5,Reuters via Google (Top),2026-05-11T18:46:53+00:00,,,2026-05-12T01:00:04+00:00
reuters_via_google:96173912778e,reuters_via_google,"China's marriages drop to decade low, deepening demographic concerns - Reuters",https://news.google.com/rss/articles/CBMisAFBVV95cUxPeERrVDJpTGlHN0RjR0pmVVd1Z1Y2V3dSRnV1Y1RIMkVfaHZ3MlpPYm14TlRBUldHNEZLNWp4Y3Z3SGEzaDlWd2w4Yk5ob25qVk1JOWc4Ni1nWGJpbnpmeVJSb0gyaE1jMzR4YTRUTHViU0QwRjFBWWpOWmVhc1NRcDAxM3dTQ3VBQTd6WWhqYU45ZG5YVGNFZGdhSVRYd1I4S0gyWmx0REFpU0pyejIyRw?oc=5,Reuters via Google (Top),2026-05-11T14:31:16+00:00,,,2026-05-12T01:00:04+00:00
reuters_via_google:35a590d5466f,reuters_via_google,HSBC lifts S&P 500 year-end target on earnings optimism - Reuters,https://news.google.com/rss/articles/CBMinAFBVV95cUxQZVc2MERiVVZURGNHYzVfRGVackF4OEVzdGdQbmdPelMzZ0xQcFFOb3FxUzlYRWJpRVNvMjBIVHJiOVR1SktfcFhFaVYxMnhCOWZaNW1nVloySGFtZHJtZHFWS2NQdEF1YlI0TWZWSTZJYnR0alFYVlFUY3VtdUZUNnpXTW9pem5ZOU15cjF2RFhENFRHWGNOU0tFLXY?oc=5,Reuters via Google (Top),2026-05-11T15:36:37+00:00,,,2026-05-12T01:00:04+00:00
reuters_via_google:4b9fb43a4dee,reuters_via_google,"OPEC oil output hits new low in April on Hormuz export disruption, Reuters survey finds - Reuters",https://news.google.com/rss/articles/CBMizAFBVV95cUxPbFkyWS1GOUpEZ2ZONlZDWXJJVjV0QWg4N1hzYU5Vc1oxQld5dnRQeWlOY0hTS0pvQkFnQldPN3FBM3VsN1hfTGttM3g5WU1YbFY4bXhWbGFCRGxMYThQZDgwTG9oWXBlRmRBa1RNb1BkRWZCX3FVMldPbHkwTmtmcTVPNml0N1VpVG4zUFExaHlnT1JIZVo1WmVsbHItMU9WcnlnUzdtVS1KSHV2dThrb1hCTFNnd2taVmNsMzNJaGk0ci1iQTlzVllVbHM?oc=5,Reuters via Google (Top),2026-05-11T19:03:44+00:00,,,2026-05-12T01:00:04+00:00
reuters_via_google:52c5f69faba9,reuters_via_google,Trump says Iran ceasefire on 'life support' after rejecting Tehran's response - Reuters,https://news.google.com/rss/articles/CBMiwwFBVV95cUxONXU1bkVTV3NFUWRDVjhIdEJiS0NxbUdxWm00Y2ZYQ1AyUm5wMnA1eXRYelJCSGprMjlJZ3BVYURZbUZHR1JNZlExV1ZuY2Y0eWNqVzBLblFkWjZURldzWTMxc2pMdVVrMEpqajd2UUR4Q2p4eEZUa1VFQjNLUUlvdmxYajVHLXJiMnRXY1pVYzhXWHItWHcxdnJNWUs3UFV5U01ZUkNjWGJRZjRObWU2bHRxYTlvc01PeWtRaS1NSTJhODA?oc=5,Reuters via Google (Top),2026-05-11T21:40:57+00:00,,,2026-05-12T01:00:04+00:00
reuters_via_google:edc53f60c162,reuters_via_google,"Hungary to review Paks nuclear plant expansion, ministerial nominee says - Reuters",https://news.google.com/rss/articles/CBMirwFBVV95cUxPYjc2U0tndmpBbk5Rd045b1ktV0dEMlZsb3h1akRNYjJXNDZ4RlFLWVpZaXBGVEJVdjIyX2tVY2JKNThWT0M2SFZqZTNScDlNWmx6MzUxdE8xNWdNRHdZQWgwQTg4MzcyZnA5aV9lZ3QySGsxNjlfTWEyTVdZMmMxWWxweEI1TDRSZGVxVmc5elFtX3AtUWNKRkdfZk1hNUppOS1BUWlucDNhM3R1V25Z?oc=5,Reuters via Google (Top),2026-05-11T19:55:39+00:00,,,2026-05-12T01:00:04+00:00
reuters_via_google:f8dcde38de26,reuters_via_google,Poland says it wants answers after fugitive ex-minister leaves Hungary for US - Reuters,https://news.google.com/rss/articles/CBMitgFBVV95cUxNeUpHMXUyelFOLUZUSHFFMHNUQzlCM3U3X2tPQW0xSmcwNVpaZzZxUGVDelZCeXlRaXlUTm9wLXhoNTRocHdlZktxQU9ucEdIYkhtcWFwVE96a0RqSGtVS1gtWWY2WTctekpXMllPQ1JBNTZzVUlUMUFfWXBSR3UxTFJsRUtqZ0dQeFZ3SldCNlVPR3JWQUVNUXRxYVBOS09CZExsTGVNRElUUEdwMF9LTE9GdnR1Zw?oc=5,Reuters via Google (Top),2026-05-11T15:18:24+00:00,,,2026-05-12T01:00:04+00:00
reuters_via_google:4468b0f41eae,reuters_via_google,"Gold comments by India's Modi, oil shock stoke tariff fears; jewellery stocks slide - Reuters",https://news.google.com/rss/articles/CBMiwAFBVV95cUxQYnBCcEtveWRkQjlrU2N3MnZvWDFwNkZHc3dfRmpqREpidXFzaVBodUpuRVBMY1F2WkZnUGZJN3Z2bW9lU1RrUFIwTjFOSlJHaWNOQVBpb1JXTWt5VTRsNkc2Z25VTUg2UGZNb1Y0LTlWeXg3ZVI4T3hHZV9QcTlBbWFRSVhzdkxMRGRZSlA2YXBGWEVzekxJVDZrRmRfOG02ajlTMnN5Yy1vZU5HY3NuRC1ZSUFySEJwRGpGOGVwNng?oc=5,Reuters via Google (Top),2026-05-11T15:58:59+00:00,,,2026-05-12T01:00:04+00:00
reuters_via_google:43abac940c96,reuters_via_google,Short seller Andrew Left to stand trial in LA over manipulation charges - Reuters,https://news.google.com/rss/articles/CBMiugFBVV95cUxQNk50bTQwaVl2aW9OMVhGQjhUU3ZoUHd2Z0JCTEhKcmEzN19wVW1zSEc1NjlCMWlBdUJBRFFEeFRRTVVla2NCTVg2VU5sSnhPV1cwTlhrSGhRcTg4MkVHak8yZTJ5MmQ2MVN1RV9ISGUtMmtMZVdfMW55SEFPQWlHZjBsaVp0eHM4TmQ0TUFuREtXZnlIWnZ5TlJ1SzU4TmNseWw0Y3RvS2M0QXB3eXRuNmdXRXFBdTZPb3c?oc=5,Reuters via Google (Top),2026-05-11T17:07:43+00:00,,,2026-05-12T01:00:04+00:00
reuters_via_google:d7f38d5560cd,reuters_via_google,Turkey set to receive its first shipment from US emergency oil stash - Reuters,https://news.google.com/rss/articles/CBMisgFBVV95cUxQZHdEVlJGR0kzZXM2ZWdCbGZlek1RbGRIZjM0YTBleUhlX2t5WUo5T1l5VVF4VGpzeW4xYXdCRmc2d2EyMWdmWnp0LU9xTmpWOHVxMlBTbExyOEJaOHlZcmg1ZlJNRERwNmN6dG5BQllJalpsdHQ1T2owOUZYYWgtVWsxczF4cXM0dW1xSDBLODdjMFpBQWZ2TVI4TlQ3SWRPVHVlQ2d5dnpuczZ6eUVQSjNR?oc=5,Reuters via Google (Top),2026-05-12T00:27:21+00:00,,,2026-05-12T01:00:04+00:00
reuters_via_google:f3670305d1d2,reuters_via_google,"Iron Dome nearly 99% effective against incoming missiles, maker Rafael's chairman says - Reuters",https://news.google.com/rss/articles/CBMi2AFBVV95cUxPWk54d0dqLXEyMEp5SkRhb1lMLVp5Y3IzcmN5SGJ5WDRUb3NqSFpFTmpHSkxDd1VvYTJ1M1U4Qlg3ZmlWMzRwY1lKdWI5RGNXQ1QwcGZjTFY5UG1OZkYzOGRyRmk3cGtNWGlEUVZMdkVreUl5Z253dFNnNHd2WjJHR3AxcjRPZkpxbXlCNlhPbzlvcEZsd3M5UzVnS2FOSnJmUm9yQ0xrZE9ZT2xwM2VNWmpqUTdKZG5BZXBlYkh2bE9TQ0Z5TW9ubFlSZG9ETDhTZHp0aEx4ME4?oc=5,Reuters via Google (Top),2026-05-11T20:05:56+00:00,,,2026-05-12T01:00:04+00:00
reuters_via_google:7088a429163f,reuters_via_google,Germany monitors four contacts from hantavirus-hit cruise in Frankfurt - Reuters,https://news.google.com/rss/articles/CBMizwFBVV95cUxORXpJUDdBeXduZ2ZSbjI0RkhsX1NOX2ExXzdiT2JBNnNDSnl6Yjg1bjBFbTQ4MVBYNU9OemtDVzBsR0EwNFhIRC1Lc0hqV2hheXh1aHV4QWhLSE9BWVlUQjZxd2hfTkpzU3RxakJaODZHdDZ5bVdMbWM3QmozQUdqRzc5aDFYdE1SQ05ldG9TdHI4eWprendyYUt5NjQ0bXVfWmFVRzZra0poaVRqZWR5Z2hyOE84Ty1EUXgzdEJTaUNWaFZ2eWJKNnR6eTBSbnc?oc=5,Reuters via Google (Top),2026-05-11T15:55:16+00:00,,,2026-05-12T01:00:04+00:00
reuters_via_google:be9c2a3f7148,reuters_via_google,Trump says he will reduce the federal gas tax - Reuters,https://news.google.com/rss/articles/CBMimAFBVV95cUxQeTBjZzF2VndzVUhRU3lka1B6TXA3dWttUElVcDMzWHlPNENhc2VaVlYxczZod0c1SURKTnpXelA3em9RYXYyQXI0SU1icDhzTVVLVjBmVEY3WHQxTThIZ1Zoc2h3LXduSTFCVTNBTGk3S0ZmSUVLR3lsdWM4S1RFWlo4YjVYWjBiWlVPeUl4enNBUG8wck92Nw?oc=5,Reuters via Google (Top),2026-05-11T21:31:03+00:00,,,2026-05-12T01:00:04+00:00
reuters_via_google:87da4b49c36b,reuters_via_google,Ukraine's Zelenskiy: Russia has no intention of ending this war - Reuters,https://news.google.com/rss/articles/CBMiugFBVV95cUxPSzBsUW9DYU93NjRLT1FtZDhPRmhjVVlmUzFIV0JXSE0xX3JEYW1zdkd3S1NDbjVodXNzWHBPMFVuam90amVybXZ6VllTdHlzYzcySDFaUDVOSV9EVTVpczJPSUVVN2I3Tk9MQnFseEFHaEQwOEVUa3pYMXB3dlhrSi10dHFvWWl5ajZjY0kxZXNHQWJsRUh3RjA1WGFVRmFQdkJWNkp6QnF3cTlqYlJGdWNKSTBHVHAyY3c?oc=5,Reuters via Google (Top),2026-05-11T23:42:24+00:00,,,2026-05-12T01:00:04+00:00
reuters_via_google:a81d70121dd2,reuters_via_google,A French passenger from hantavirus-hit ship has tested positive for the virus - Reuters,https://news.google.com/rss/articles/CBMisAFBVV95cUxPWFdGMkFiZXVITXlNazM4cTVyM0p5V3VRd0FNYkRtM2hpbmVlVGFMNm5va3E3SmphU2FhQnNUTFdtaFNUNXVBRFA4NGdkOEFiSVlsTy1CYzI3QWhCb09iUE9zX28wTFJFb1FYem56X2xQSjBlS0J3MDRRU0d5bDFtUEIycmttV2lyMjdKWkpwY1dfLS1VQ1laYjFVVjMwNWJWcUxOTFZCSzVabmxpUlMxcQ?oc=5,Reuters via Google (Top),2026-05-11T14:51:14+00:00,,,2026-05-12T01:00:04+00:00
reuters_via_google:33993c0a634e,reuters_via_google,"South Korea condemns attack on cargo ship in Strait of Hormuz, vows response - Reuters",https://news.google.com/rss/articles/CBMivgFBVV95cUxNa3NtcFJfQlR3R2g1TzluelJ1QVhCcUZ5Z2hlb2FzZjhUeUY3RHZOSjdndGdkMG9FZTQ3Um0ybDc2UVRBWWhqeWRKNUtDdjlaaklMYVVCQzhHWGxrWFNoMkVBYkZ5blRHWnRJUFFYal9lbTFQMnl4TE5XV0hrMjVBM0k1NTVkS0xqb0NXb205UnU3NEhKX2ZLc3JrU0UzSkNXdFVNc0xqVklNVmFPclVrTDN0cTgyMk9aLWozOHJB?oc=5,Reuters via Google (Top),2026-05-11T12:41:42+00:00,,,2026-05-12T01:00:04+00:00
reuters_via_google:02efd14bef6d,reuters_via_google,Deals and new partnerships lined up at Africa-France summit - Reuters,https://news.google.com/rss/articles/CBMingFBVV95cUxPbDAxY3RoQmVSUUIwR1hlcUc0Y0N5d3Y3VlU3TzdUSXVLZHRaYlZTRXdNUnlPNEw4VERkVVFKM2cyczNUclN4bE1kQmNTVlJtZFZUQUU3aVZTc0k0NXJ3cnNKRzZxSXVOVkIyb3M3Y045WlpROGhYbFIwcVFjY1JnbFBwcHAzOTdYb3RqbHM1Sk9uV2REendBTUVwM3FiUQ?oc=5,Reuters via Google (Top),2026-05-12T02:35:58+00:00,,,2026-05-12T01:00:04+00:00
reuters_via_google:8edb88bbc463,reuters_via_google,"Philippines presidential hopeful Sara Duterte impeached, awaits Senate trial - Reuters",https://news.google.com/rss/articles/CBMivgFBVV95cUxOMUxLWEx4TmtLWlFlNDI0NnZXUmZXQW5tZ1ExRnI3bFROR05KRXhJNC1yd0dEZFFjaU16QmtCaFg3bFFCeHF0ak5LWC15V045endLQ29GdHplajBxMkNiOU5BSmlETEROcHdwOWw1UVlYb1RiN1lqdTJNT01QanJVdHBlSkhYVjM0djQ0aFlVMmtKTGJsaGNGOWZWei1tZW1lSmdHQW92UWhxUHA0M2RDWDFyWjJVQzdyQUdFVHhR?oc=5,Reuters via Google (Top),2026-05-11T22:27:38+00:00,,,2026-05-12T01:00:04+00:00
reuters_via_google:8fe7b2a0b1f0,reuters_via_google,"Europe's EV investments near 200 billion euros, New Automotive data shows - Reuters",https://news.google.com/rss/articles/CBMi2gFBVV95cUxOb3Z5Q2hJWFNnLTYtV2xVVkZMaDRTNXNSRlh0YUZra2VSamI4Nm1qWHVsUktvcVBwUDlveHhPajc3eW9FRDJPMnNyMHMyLUt0aTJueGRFbUowMHA4UFVUUUZyOXVXXzdpcWJiLWZDQ0E4THZzSDJLaG82QVRyTFJBNE1LdlZmX1Z0UzVIdGxRc1NqbXVZYzlCYWZDOENQWlRCTllzcDJOV21GaVBTU3JYbG5fZk1lazd2RThncDhqYVRPNVZWSC1sWUhYenlSWGgxUFZxNXQxZXA3QQ?oc=5,Reuters via Google (Top),2026-05-11T20:12:42+00:00,,,2026-05-12T01:00:04+00:00
reuters_via_google:e211c4adf5e6,reuters_via_google,Hantavirus-hit ship sets sail for Netherlands as final passengers evacuated in Tenerife - Reuters,https://news.google.com/rss/articles/CBMi0AFBVV95cUxNQXhSWllhVGpLWXlNNEpYZ29fc3FPN0JZOWNQOTEtNjJwRWR0dEhFQ0N4WEJWS0tPdjFoRkpsY0hLUHVmSlhUbXFFa3hpTGtSdmhIZkhiOUFnQS14dDhGdWlVNDBFbkVvWVBvdnJ0RC1fN2VocV91WVpHb1NtQ0Z6eFlqR2hibjNBOWVNTGFiQ0ZkU3NJNjFCRFBLYTF0TkJCSDlyUENPSUZIOFNCMTFDemp3dVB1dVBWU0ZQNGlwejZINmdWVDhiQUNiQlM5RHZ2?oc=5,Reuters via Google (Top),2026-05-11T11:36:00+00:00,,,2026-05-12T01:00:04+00:00
reuters_via_google:c51183a54355,reuters_via_google,Ukraine's Svitolina saddened by IOC decision on Belarus athletes - Reuters,https://news.google.com/rss/articles/CBMirwFBVV95cUxPWm83VFdzX085NmxiUXNEc2d3NW9aRWxXSU55cm9maVhmVmd2N0hIcnE4YVhLM1Nzd3lDaWttTm1XM1BMTWQ1MXRqZ1pGVUpQNWFEbW8xd2FuXzRqZEtzb1dLU2NYMl9BUzhuV2FQZzJILWttZGI3ZzJuemlwTTRtRFg5MVpVc0JtSVhSY2xoOU5yTXdMcjNDR1RTMGR3VWllN1Q1WDhFbkM3VWJnaGtZ?oc=5,Reuters via Google (Top),2026-05-11T11:24:00+00:00,,,2026-05-12T01:00:04+00:00
reuters_via_google:03f143a027e7,reuters_via_google,"Volatility, not high prices, will define Big Oil’s next chapter - Reuters",https://news.google.com/rss/articles/CBMiyAFBVV95cUxPLUVKY3U5UUxSVURybHZWbDY4Yk1CSnpzcTRwa2ttZTMtbUJIdHBCUVZUTER5cVkyRm1DUVJjUHg5TkNCZm42MjduU2xMaFV2Vmo2UXp0M1AtS1NmTWhoTjF2VjZPUFhCcnl1NWVqaWpCbUxzanFPRTZQNzBIY2ZBYVplX29aN1pBTHhSY0w5c05VV0M0ZVMyOUM1ZE5hZFpqdmtQcGV2UTAzYWVJUHFFQmNRejVrRlB0TFdyMFdRUlJaUUxMUWJrWg?oc=5,Reuters via Google (Top),2026-05-11T11:10:36+00:00,,,2026-05-12T01:00:04+00:00
reuters_via_google:b2c3ae1c2c32,reuters_via_google,US to loan 53.3 million barrels of oil from Strategic Petroleum Reserve - Reuters,https://news.google.com/rss/articles/CBMisAFBVV95cUxPQjE4X0J5ZlpaczgxaXFCdkJOWHA5VnFLbTRsbmNrY1dpZ2gxQWJOZlN2Ulk2NHJIbDY5YlBqVDh2ODI3RVhET0FUSlB1VnRMNEVNRTV5aVdRQnlMdWFhV3Qzam5mdURUYWxPZGFRTVhHYjdhMnN6RDBiSE9TLWJGTmVzRlhfb3NPZmRfeDJFTldMeWd4VzNlQ1l2cVNBNEEwWWJnLTgwZDRiS0hDbEx1RQ?oc=5,Reuters via Google (Top),2026-05-12T01:33:52+00:00,,,2026-05-12T01:00:04+00:00
reuters_via_google:714525373c6e,reuters_via_google,Hormuz closure extends well beyond oil to threaten Chinese EVs - Reuters,https://news.google.com/rss/articles/CBMiqgFBVV95cUxPZWJIdEtOdm1kVmQxMG51YXBoTTZKQ3FSSVgxbkI2ZGxjMDdSQlNKMm90MmtieVRCVzYtRnU0VXlIbWY4RF9NVzR0dHl2SUNSUjlza1lpMDgtQlBQUjNIM0dwVlZMX2k3NUdLREZ3NjR4NEdzdXgxdFpLUHd3VTFyQlBNdUtxVGhBbjRmdWlhMHVmMy1hbVZZb2FLUzAwWmo3R2dEWlJsZmpHUQ?oc=5,Reuters via Google (Top),2026-05-11T20:38:41+00:00,,,2026-05-12T01:00:04+00:00
reuters_via_google:fe60a3537107,reuters_via_google,"BofA and Goldman push back Fed rate‑cut expectations on inflation risks, jobs data - Reuters",https://news.google.com/rss/articles/CBMiwgFBVV95cUxNUmowSnVOelhFSkZuUkVCMEN2TDl4NWRidHB2ak5jQkVHcUxRd2RoNW9mMkJlNTNLU0FkeWpvdGtSd0hKV2doZXdZN2NyeVdyOTJXSWVaYmkyeF9rb005d1lPYWZGLXQtRTdObUJFMWw3b1lBUDhVYUZJcEQxclIteTdzNW5PeHhGZUhZNGVjNkVZQ2NGMzZkNWNsb09hS1ZNV2RwamRncDg3STBiMGRVNmxpNkt2S1o3QTQyTW9Qc25oUQ?oc=5,Reuters via Google (Top),2026-05-11T12:21:17+00:00,,,2026-05-12T01:00:04+00:00
reuters_via_google:4f1962547856,reuters_via_google,"US industry, lawmakers plead with Trump: Don't open door to Chinese cars at Xi summit - Reuters",https://news.google.com/rss/articles/CBMi2gFBVV95cUxNd0lzekgtZmlRVTRxdFNfekdwbXpIcmpxUmJva0pYUDZjRWlrME54TlpyTDdBRjZ2LVMwa29nMEt5bUE5V1FpZUFERWZGMGI5TFBydEZYZmJvS205bjNrS0tMRnBfOFNPeGlteVMtYTlOQkI0YTNWRmR6WkRtdGNVeEhZZmVpRnJqVjZnaVNoSGJtVVdmN2dSdHZpMkRDZDlrd3E2WGJGbmFCT2hNNnE3OUJHdUJWQlFvaHFzLVZnMEtTVndnQTduWGJ3TlNzS2pUWV9VdFNSc3pTQQ?oc=5,Reuters via Google (Top),2026-05-11T22:20:30+00:00,,,2026-05-12T01:00:04+00:00
reuters_via_google:c4916522ad43,reuters_via_google,"China opposes US sanctions over Iran, pledges to protect firms - Reuters",https://news.google.com/rss/articles/CBMiqgFBVV95cUxQSDVBM3h0SHBGY3dqSkdId3dJSUMxdjNoU2NteWVrTmNLS2tDZU12T2FjOFoyVGxCbTBGeUhfZDhYMVhuZU5yMVd2blF2WXZwTVJ4ODhZUHBidG5JQ0FJT3RVZGRqLUN4eTBObVJwZ1RMQlptYk56OW0xNXVFWXJRbnA4YVFSUm1FT0NKNkdEd1NMcDFtU25kdjhKUUdRcENRc0ZLZ21wcTcwUQ?oc=5,Reuters via Google (Top),2026-05-11T12:46:00+00:00,,,2026-05-12T01:00:04+00:00
reuters_via_google:caae62954dba,reuters_via_google,Dua Lipa sues Samsung for $15 million for allegedly using her image to sell TVs - Reuters,https://news.google.com/rss/articles/CBMivAFBVV95cUxQM0NqTm5SWS1Ic2Y3MnpIbVZTdzY1dVg1dWpRY3N6blBrcnoyWGRJWTY4Y0FoN2ptS2p5a3RoaE40SUI1OXZrTmN5S004NHFQVFVHQjF1elg0eGFtSDhjLTE0QmpramN0d00zQVdkVzZ4dXhXVFZXZWlkSF9vR0xNMzVXblV5dk81ajBVODJqeXc2dXFxWTZ0eVVfaU9IU25wejFYdU9aLXIxN1pMMTJlTV9EWHhzc2x3MzAzSw?oc=5,Reuters via Google (Top),2026-05-11T19:36:09+00:00,,,2026-05-12T01:00:04+00:00
reuters_via_google:326b17c9b219,reuters_via_google,"Britain's NHS to grant Palantir contractors 'unlimited access' to patient data, FT reports - Reuters",https://news.google.com/rss/articles/CBMiwwFBVV95cUxQOVBTX2JHQmZMMmpIOF9XbnpjT1FhSURlRU1RSVFVTzVTd0JmU0NHR3lLem0zc3JPb0Q4LWhaZlFEbUl4WkhKd3NmRmNuME5RR1JRV1FsZzc2Y0J5Q1dsbEN2RC02TDNydGhfS1ZtS1QyVHpEUTBKa0JYdWpHcHVLdkJPcUpHeE84VUxubDdoQ2JWYTFDMmRmOG04R1JnMHZQUkxXWkNHbUhZUi1XTmRmSmlVTV9oaVRuSlZVNXhvU3kxRDg?oc=5,Reuters via Google (Top),2026-05-11T09:56:00+00:00,,,2026-05-12T01:00:04+00:00
reuters_via_google:31a7f39e90f3,reuters_via_google,Trading Day: AI beats Iran impasse - Reuters,https://news.google.com/rss/articles/CBMipgFBVV95cUxQNGtMTURYWC1ZdW14ejRtTWZNUmJvZXhJSS1rc21FSFpYM3RnZVNBbFg1S1hwWjdZZm1CWmsyNkl4dHhCWWtuVFo2ekR6MEFESHRjQl9DUGN5UG1vUVdLNUgtWVBZTjdsSXJRYUs1N3FzMlJ2bWY0OTRJOTlwREpEVGVvUGNVTm01WGtZMS1CTzRTaHg3MnN5UzVYUXFMaFN2WkFlNnpB?oc=5,Reuters via Google (Top),2026-05-12T02:04:03+00:00,,,2026-05-12T01:00:04+00:00
reuters_via_google:bbb7ed2c8d43,reuters_via_google,"Morning Bid: Peace progress stalls, AI rally does not - Reuters",https://news.google.com/rss/articles/CBMif0FVX3lxTE1kRDNVWFgxQWllSzNPQzJMbjA3cGpDUFl4N00zcWJBUFk0WVBOUVdXa0tMZ3VZTmtibVdhSmlUT2tDZmFRVDhnb0dpRi1rYXhpXzZ5aUZSZUo1azhQSnZfVHZubnVmTkVJZzB2aUc4SWJtMHMzV2ZHQzBQY1pjZzQ?oc=5,Reuters via Google (Top),2026-05-11T10:23:10+00:00,,,2026-05-12T01:00:04+00:00
reuters_via_google:cd8ec57ac8be,reuters_via_google,Breakingviews - How the UK could rejoin the EU - Reuters,https://news.google.com/rss/articles/CBMimwFBVV95cUxNN2ZmLUNOWjhfZWlEVWdzcGtjT0NPdmIzeVVMaTNTc1hKcjBSeF9MUnlSU1hxN295VXNkQlQyM2RvWVNyU0ctYnlqbTl3bldJbGRoTFVxM2hqclM3TjBZNkdtazczS24wdHZNdG4ta3pMN3J2a2NQcFloblQ2NWtENldyMEtNN1paYjBVckdDWU1MZlFtZFRHVGliYw?oc=5,Reuters via Google (Top),2026-05-11T10:00:00+00:00,,,2026-05-12T01:00:04+00:00
reuters_via_google:ae432d90e353,reuters_via_google,European renewable projects with batteries set to grow more than 450% by 2030 - Reuters,https://news.google.com/rss/articles/CBMi1gFBVV95cUxOS2dqMHN1bExPZHNTeWRNWGVEbmMtQ3M3dnkweENlU0NiWV9YMER5VGFkMURmLXF0eHNLRzRER19tdURhSFJCTzF2SGFidEhrbmNkRng5WjhYenFOTDBuMWJpUU40LUdYbHFYLWJkY1pTeE1NOXdzNWZWaEpHbnByMk1mblNpdjBnd0tCU1RicUhWem5GTGtVR1QyY3VVVjhpc0NnYzV2a1JxWmI3c2ZqRHhoOEE3UDBxVG1TRXE2dVlZbHRsNnF5UXpEeEVWbVRES2xnT3Fn?oc=5,Reuters via Google (Top),2026-05-11T10:05:00+00:00,,,2026-05-12T01:00:04+00:00
reuters_via_google:e12c97d3e97d,reuters_via_google,"US rejects UN migration forum declaration, State Department says - Reuters",https://news.google.com/rss/articles/CBMirAFBVV95cUxPXzVlZUlHQjd0aFFXemVvOTVydVZPYlVWTHVmRjlrM0IzOEJiTjZvd2FpcUpIOEZXWTl4Ti1ya2VPb3U5UWtON1hTRHJKck1xU1VlOGtJXy1wYXhYY0dwOHBHd2NGdXVBbjZtaXRVZHBqd0k4bmlhellZVWpaaVNlSmE2RTJUWmZ6VzNMbmxEeGppWUQxTW5od1Y0QkhsOUlpc180b0RjSW9sODl6?oc=5,Reuters via Google (Top),2026-05-11T22:37:43+00:00,,,2026-05-12T01:00:04+00:00
reuters_via_google:f49a20978b82,reuters_via_google,Turkish Airlines plane evacuated after smoke seen from landing gear in Nepal - Reuters,https://news.google.com/rss/articles/CBMiywFBVV95cUxOX0I3NlZmbUQ1OU96Rm5WUjRBcG1XVFZfRXFnTHFzZWc3UHU1cnFnYlZoNERLNk50Tnh3YW9NVjJLSFJUd00wSk5KM2tZOS1OMndnTDJhc2JjZGFxMDJIaHpxbTBycjI1ekdkWkJVM01PZGo3V1UzcHBjMzc2TjRhTllYMVZsRmM0OUlFNjV5WHpEdHVKYTM3ckZUellXcW5TOWQzOEI2S2VQVHl0SGhncG14bWE0Qm02cVkwVVRSdE4tN2FLZmVfMW0wRQ?oc=5,Reuters via Google (Top),2026-05-11T13:20:34+00:00,,,2026-05-12T01:00:04+00:00
reuters_via_google:3bfffdb5b325,reuters_via_google,"Gold ticks up as markets digest US-Iran updates, await inflation data - Reuters",https://news.google.com/rss/articles/CBMiswFBVV95cUxNS1R4YmxvUWpZMGJaX3FrMXY2aGNsNG1TZ1JFc08weHF0cXRWd0s5a04xV2xEamNKNWFrT1VXWEZnRHIyZlczejVDblEzS1Z6N2NmTG14aVVkcHJQOUtreDd3TTZKUWtkSmp1aXRuckNFaXdJbThub1RPV3E0aDc4OHNPZnYweWt4MWR4UG1nU0NEMXpaU2V4OUhLNE5JdDVJQlZWREFFRUtqV2N4MVlnbDB0cw?oc=5,Reuters via Google (Top),2026-05-11T23:14:34+00:00,,,2026-05-12T01:00:04+00:00
reuters_via_google:1a9aa7324b0d,reuters_via_google,China's domestic car demand stays weak but exports strengthen - Reuters,https://news.google.com/rss/articles/CBMiqwFBVV95cUxQT2RQLVhLczJxTnFYc1dMYTlwLTVLLVQ2ZnFxbkVoNEx6TldESW9ReGhIcnMxanltekl6NDRuNGRkaFNOVUxUdUh6eGtidVBCR3ZMUy1TQ2tVR1c0NFhaQ2NmYnlOQk5UNGNNSEw3XzVXR21rSTMtNkU4dUJGckNnSVdZUkdZTGRRTGd2U2gwWndIaS13OU9UQ2dhS0U1Yk40T0JEWkpPbWdGeGM?oc=5,Reuters via Google (Top),2026-05-11T09:46:21+00:00,,,2026-05-12T01:00:04+00:00
reuters_via_google:4b443d922f30,reuters_via_google,"One US citizen tests mildly positive for hantavirus, another has mild symptoms - Reuters",https://news.google.com/rss/articles/CBMi3gFBVV95cUxONksydVI3RlBtSE9VRHZrRV8xbzZoUm5yaXpVVkFEbDhRUVZDWUJRY3Q0em84dHJ2ZERtbGJVRkl3QWhWdjJmXzh6anVxSWNrUmc3QjNBUks0N21HdmRyY1BRMVpjelhSR0lFR2hGcVdla1ZWb0V3T0NKZ0VvYzRHcXY3WGVNNDFsZlhYSEhKblVULS11STh0MXRkd0lNMFdIdWNyekg5VU1KMDhlU29RZ2E5bWtlSndCZFBESlVUS0NwbExJZzBvSzN5Tk42S0FxU09HYVR5VmhuLWY3ZFE?oc=5,Reuters via Google (Top),2026-05-11T07:18:00+00:00,,,2026-05-12T01:00:04+00:00
reuters_via_google:bd0e727c912a,reuters_via_google,"Aspex raises Delivery Hero stake to 15%, piling pressure on CEO - Reuters",https://news.google.com/rss/articles/CBMi0gFBVV95cUxOaGNQLWVzYlQ2b0gzWnlRRGZFcUl4aXlMMW91YjBUR2xQRERqTVcyTWNZcU14b0gtbnFEcVV1cjRuT1JkeXVrZjJ6QzU0dmlINHhyQ2s4QXRBWUJEUVFxVmM1LVJ4dnViTVROdzYzMnktY3ZYUDNCWFJmUjBqTVNBQ1lJV2J0dTZ1SmJDbjFETkMtem1vRmxaWEJmenFNQ2FubzZWYnJzQ29NcTdXbXh0R0VlSUNOTVVXeFNyN29YT3BGUW1mMVh1ajhKMjM0azVCTEE?oc=5,Reuters via Google (Top),2026-05-11T11:39:43+00:00,,,2026-05-12T01:00:04+00:00
reuters_via_google:86240963e548,reuters_via_google,Jeffries vows Democrats will win House majority in 2026 and 'bury' Republicans in 2028 redistricting - Reuters,https://news.google.com/rss/articles/CBMixgFBVV95cUxNWGpYaG9ocjZsaXJNaktTdHRiV2pPR3luNFpqd09wazhtYUd2VTR3TzV3LWVJQnM2Y2dnZmxMcE5VU0RSM1pVWWh3LUQtR1QtMWlfLWNweXhPc3NZRVcwdGZEdTczaDROOWhHZ1JGT3pZN2ZtTFpRckJBNXNiVVBIVG1qbXlQbW10bUtDTnNidEZzS2dJc1RFanFkcHZ4Y2VnZ2doTlZTZ3h0NWlLQWd2Wld5NEx6M2dQM2pxQ1ZLSk9PdkJHT1E?oc=5,Reuters via Google (Top),2026-05-11T22:42:38+00:00,,,2026-05-12T01:00:04+00:00
reuters_via_google:e12003b243fb,reuters_via_google,Trump says Iran ceasefire is 'on life support' as hopes for a deal fade - Reuters,https://news.google.com/rss/articles/CBMiqwFBVV95cUxNTTFIeHh6enp1TW1pNmRpVy1pZ1ZtaVFvNTF2emxOOUg3VXV1RWE3SkFqb3pwY28yS0pBTDF3MjRFSVNRclFhTWtCZlN0SmQ1MDV2YUZJSXJhdXRUdldyM3VZbEkzYnIxUXlvSk1JREJwVURVVGJhcV9vcEU2WnlLcVZKaXZQX0Fac1VEWW1VZjlwdDNNWHp5ZENCNTROaEhsVFRuQ2ZUd0gwTmc?oc=5,Reuters via Google (Top),2026-05-12T03:31:38+00:00,,,2026-05-12T01:00:04+00:00
reuters_via_google:f391c90edfb6,reuters_via_google,Vatican official making rare trip to Taiwan for Buddhist charity celebrations - Reuters,https://news.google.com/rss/articles/CBMiyAFBVV95cUxQWnFnWEpqUVJnRVZoOXYxTFhFNzA0dDJRQjZxY2hrcktvRHdQSm1rbUJwQ04yS2NLYWtDWGFGcU5sVXFPWFJkMTl4Q0RkS1VKS1ByUkRESjhlRVRzaG1oM3loS19FcnNYeFFxOG55a1Y4RnRENmRhV3BGdnh2VDFEYnhqMndWaDF1REwzTnBRbEFwLUtIYzdfeklTTzk2cVUwM1QwMUM5NE9URXpvME5QTm5MZHh2N3ZKcGRzMjRNbUM2QkpjRTgzTg?oc=5,Reuters via Google (Top),2026-05-11T12:15:20+00:00,,,2026-05-12T01:00:04+00:00
reuters_via_google:167fc52026bf,reuters_via_google,"India shares, rupee fall on Modi's call for austerity, crude price spike - Reuters",https://news.google.com/rss/articles/CBMitAFBVV95cUxPUXFsaDA2c2NXQ1UzaE91eW1RUXhNUjlMWWRSaEVKVjY4V3JwcWpjaG81dkpQOVRnMmE3aXhqU0d3cmh0ZFplckVMbDNaRXFvdDR3TVpXc0o5dHY0ZnZnUThseUJlWkd1UDRaWm90eG5tTXpLWHB5RG9uT1lwMzEzaDM3b2o1STJ0LTRHNVl1cmIwcWtxRWc3cnZZU2RXVklaR1VBSzNnMkNPRnpFajdwaTFLTW0?oc=5,Reuters via Google (Top),2026-05-11T07:19:00+00:00,,,2026-05-12T01:00:04+00:00
reuters_via_google:a739b055605b,reuters_via_google,Taiwan confident in US ties but hopes for no 'surprises' from Trump's China summit - Reuters,https://news.google.com/rss/articles/CBMinAFBVV95cUxPMjlxWGg5NjllengzeWZpbzJ3aVNrb0Z3cW5XQVh3aEh1WFFFQkRzSzlwQ1huLXJxLUlObl9LVnktMTFGeFFwbFk3MC1mRG9rYUhseG5JRUd6dXVKZUljRU5lajlHQ01KZWwwOERybWNFWEhXNW81ZElJek5lX1VRMmlJQ1pyaG44QmVEenpua2M2NkRSYjdFWm5kVjI?oc=5,Reuters via Google (Top),2026-05-11T08:57:21+00:00,,,2026-05-12T01:00:04+00:00
reuters_via_google:a11752cab07d,reuters_via_google,China's factory inflation hits 45-month high on energy price shock - Reuters,https://news.google.com/rss/articles/CBMirgFBVV95cUxNNHBjRHlkdlRLWGN2eHNKT0pQRC1HSVBCQkpwWFZJMG9ITk1KWWZaMUVCYUpVcTVfcXpYOGFqWlFYSU1PZ0J5czRlMjdaajJoS19nWEEtVS1lN2c2LXF1SHBYYmRtRXR3LXBXUjlWdHN3bW9TWldSVjlqQWFocVV4d3Mtc2xHNDRFTzczd3V1WHM1RnlGb05oZUU2Wm56czNkMVNHZ3MtT0lSTU9qVnc?oc=5,Reuters via Google (Top),2026-05-11T06:46:00+00:00,,,2026-05-12T01:00:04+00:00
reuters_via_google:2151c7f3ccda,reuters_via_google,Dim Sum raves aim to revive Hong Kong's appeal - Reuters,https://news.google.com/rss/articles/CBMingFBVV95cUxQUkdEWUJpVENUemR3bVh5VmFHQW5VQTY3SkNaRG1PV1RjREhBblNqVUZDUVV4M0xvS2twVW1HWURaRURydmM0V29jN1dnMG01aWd2OFh4d3FCMGtaa1BXMUQwcmsxNUc3TDVOU3AtYm1LNW9JazZ1TkxzV0tFZHhMc3BTR3ZremQ1eGVGWHJCT2ZFdUMyR2RfcldjZ21tZw?oc=5,Reuters via Google (Top),2026-05-11T11:18:00+00:00,,,2026-05-12T01:00:04+00:00
reuters_via_google:876588064274,reuters_via_google,"Nintendo shares slump as price hikes, games shortfall spook market - Reuters",https://news.google.com/rss/articles/CBMiuAFBVV95cUxPX2NDY1JCcUNqTDJqcFpXcWgxZllnWHRVV0Z2eGROVHdBRWFhM1M2SWdDd0VxY2ttbFhhZ1BPOFBwY0hqYXNNZTVuU2ppSUYzNlZGRE9aajlJNnpKMWo3WFFJbUlVZGRSWlUzN1d4eE5RN3k4akpjZ0hXSHV0MWUzd2c3Y0lqR1UxQWsyNHhHWm8zUU8tTk5NeVNpQkkxTE9Jci1MZmxaRDhrc3RmM181dUlPdjRtVmR1?oc=5,Reuters via Google (Top),2026-05-11T14:11:20+00:00,,,2026-05-12T01:00:04+00:00
reuters_via_google:24a6f1582d59,reuters_via_google,Thailand's former PM Thaksin freed from prison - Reuters,https://news.google.com/rss/articles/CBMirgFBVV95cUxQNF9aSy1oMzZlUTRSY000Wk92aGdIV0ljclc0ZUtkUFQ4TVY3TFlkdElVZG5WSjMwQS1sdmVGc182dnJlZFRYMkhtVnN0Rk5uQk5XOXR5RTNxOXd1TF9ueFlXcmhGSUVNVEFKV3gtVVZmcEx1X05HOVBPeDAzRTVYNGc5NDh3Z295Z3BPcnB4ei1uSGxwWGRFMXRmTkhyU0V0clV5N2tQQmh0OEl6UUE?oc=5,Reuters via Google (Top),2026-05-11T05:45:00+00:00,,,2026-05-12T01:00:04+00:00
reuters_via_google:328c730b0189,reuters_via_google,Magyar sworn in as Hungary's prime minister on promises of change - Reuters,https://news.google.com/rss/articles/CBMimgFBVV95cUxQUnlWRGctZnNnS1dTNTlWY0JZZGdkcE8tS3Fic3dGaENfNTNQYXpDN01GUFFrWUxxUWZHT3NFZ05JTmpKWlJsb1FmNjlLTG8zYUw2MUg4ek5VUTBOV1BFLUFkSURHMC1FLUROMUR0MVdUQ05zY1R6R1hwQXlMeXRBbGs2dngtdTlENFEtLWs3YkJqSzg0RlUxUktn?oc=5,Reuters via Google (Politics),2026-05-11T10:48:07+00:00,,,2026-05-12T01:00:04+00:00
reuters_via_google:bae0c1a1b4f6,reuters_via_google,Fed chair nominee Warsh clears hurdle on path to Senate confirmation - Reuters,https://news.google.com/rss/articles/CBMiqwFBVV95cUxNUVhzc3ZMM0JpQVVNdUlKaXdzRFJ1ejhpX3loYmx3MUE2S1BYMnZNZWxXZks5OTNlQmNJZ2ZHbURmbklQYTAyS2dBMVBuTmVFMEktR20yX2hxMENDWTNpT2xEWTBOQ0hnVzBSMmF0a3Q2akRCeG1UUTU5WmFrMENyTFljNzlleV9wdG1teER2UEJJM1F6Vy1ZVlkxQjNrdFZ6UGtaZk9fWHJKc2c?oc=5,Reuters via Google (Politics),2026-05-12T04:33:31+00:00,,,2026-05-12T01:00:04+00:00
reuters_via_google:84a0df083517,reuters_via_google,"Pakistan to issue first 'Panda bond' next week, finance minister says - Reuters",https://news.google.com/rss/articles/CBMiugFBVV95cUxNV0VsZEZfcWg4Xzg3TWs3WXpESWdyRy1keW5ScmJ1bkFpLWItSEhoWThVSkNDVm00V285ZzFyMnhUMzc5YURWWUpEUzRkNXVfTzJWSFM4OUNMazJSdDNEemRwQ0trVng0SkdXRTV0bjNBTHYxR2xlNFJiOHRqLUkyLWhtbGdZbndrRnBMX0p4STIzYzNRRHNJQ2xYakhrSHRxdGliMnlCV2thVnFwSWJHSkJ1clg1Z19vQXc?oc=5,Reuters via Google (Politics),2026-05-10T01:32:27+00:00,,,2026-05-12T01:00:04+00:00
reuters_via_google:4a8938cee71d,reuters_via_google,U.S.-German couple jailed in Spain for locking children at home - Reuters,https://news.google.com/rss/articles/CBMimAFBVV95cUxQY21GMTE3TENySV83ZVVBdjh1V2JFTUtub1JSNVVNcndTcVFrQ0ZFb1NWTlUtNnR3Sk9xaXMwZTFfNzNRQTh5anZGcnBsQURJWldKQ0EycFgzOWQ0VTlsUWlDUlF5YWMyUkVLa0NtR0NPeGN1M2NFTVoxOGZtbDNZcGFQTERDQjUyVWw5UWNrVE5Vc1E0RjFHZA?oc=5,Reuters via Google (Politics),2026-05-11T20:07:15+00:00,,,2026-05-12T01:00:04+00:00
reuters_via_google:00016b7681c3,reuters_via_google,UK's Starmer under renewed pressure as lawmakers urge him to quit - Reuters,https://news.google.com/rss/articles/CBMiuAFBVV95cUxPMlZNNHhRQ1Q4RkhiaERtOG1zbkp4Z0F0dG9QcnFRODZoMHdhUVMtbmNIWUY0bFctclNhZk5XcmVTWkEzUzcwS3A0WFAwcXdOMUFMYkh1aGZLWTMzRkhkYU1PUUxyYTdINWtxNGNoalZiZTRJNlRpQmZMRDU1Wl9KXzVBVDduOHJseDF1TnAyV05PYW84TDAtVndvTWRSbDZCQ1F3OUF3NWIydV8wNzJzNllkRDJXYkpN?oc=5,Reuters via Google (Politics),2026-05-11T02:32:00+00:00,,,2026-05-12T01:00:04+00:00
reuters_via_google:f1c78b825a39,reuters_via_google,"Anger, confusion as Louisiana Republicans move to erase majority-Black US House district - Reuters",https://news.google.com/rss/articles/CBMivAFBVV95cUxOcC1lQ21FZXRCUHZHNWxwejRlVlpJR1A2VEZPQWdqS2Z4LW8tNlBTb0pmdndQQ3o5cWFYWm5nY1pZN2ZkekZLVE9kTUdWLXZmQ2VlbUFINm1yeW1ONnhtM1VsUG5HdGZnSHRnbjQ1VXBpeC1hRHB1eHdDcmxOcHFGcmZYd1J6cXRBakhaZERyNGZRMkJPbWx2VGVTbmpRSGJ4UlQ0MUVMTnJBY1BtMEpNZjJmanlQb2JsYUcyMA?oc=5,Reuters via Google (Politics),2026-05-11T10:48:07+00:00,,,2026-05-12T01:00:04+00:00
reuters_via_google:c2efaffd0151,reuters_via_google,"Britain to take powers to fully nationalise British Steel, Starmer says - Reuters",https://news.google.com/rss/articles/CBMirgFBVV95cUxNM3RhMzFOU0pPT0twMTk1d1JNVWFGakNxLTBIVkVTd3g5YVJfZUNSMXN4a2Z2SGtSYVhRX05BRVhEWlJQZG1vcHdITlBmemx6di1VV0RqQk5jVFI3UVRhWEM5Zy1vWGpSSkEtYW4zRXNURzFRWVlhMm1aVThzeWprc1pqM2ZaalhSTmViMTZPaTFCb19wd2lyZ2dDQXpCYUhidlQ2VDB0N3ZCR05VT0E?oc=5,Reuters via Google (Politics),2026-05-11T16:04:32+00:00,,,2026-05-12T01:00:04+00:00
reuters_via_google:50e2bb7bc90e,reuters_via_google,"Microsoft’s African data center falters on payment demands, Bloomberg News reports - Reuters",https://news.google.com/rss/articles/CBMixAFBVV95cUxQc004TlNOQ3k0SEVzN2Roa2hveTZER3d3b3ZJaFlPVktOdHZLRVJkY25pcDZITFdjQlF1T0l3MTkwLUlDTlJrbWdSTk5OdEk4M3R6REVIZi01RmptSy1JamNVdDJsTkE3S3JEdXRQMkQwRF9ndDhtLXNlS2g1cHBvMjV0akV6T04yY1NabEpTXy1zcVRhMzRrUjFaRWFkNzAzalFMZ1FMbERtLWktMmFEVUJaSEZnbEtZWENkTjJrUXlveUNp?oc=5,Reuters via Google (Politics),2026-05-10T18:47:00+00:00,,,2026-05-12T01:00:04+00:00
reuters_via_google:189a1466596d,reuters_via_google,UK's Starmer says his government is a 10-year project despite calls to quit - Reuters,https://news.google.com/rss/articles/CBMitgFBVV95cUxQZ0xzcHBtRmVua09rMW9BektzZHAydHVtYnJUWmE4NlV6bjlRTm5BTE9XaEg1TlRrWUlhQUhjbG16MXRqX3oySnY0OHl3WlItb0tKVWZUZEZPZjNiNk5NVkwxS1IwelgtYmN6cHg5NjFRWlZuY0lHMGdfME0xUEgxSEsydklyU0NONWtBWjRGWElCSVRCWFFaWjNET0NWMjRVMHQtbFhGb3pGYXpBVHpqdFhTWkY0UQ?oc=5,Reuters via Google (Politics),2026-05-10T15:40:00+00:00,,,2026-05-12T01:00:04+00:00
reuters_via_google:f38523d9aa32,reuters_via_google,Starbucks cuts 61 technology jobs in Seattle - Reuters,https://news.google.com/rss/articles/CBMioAFBVV95cUxNVjVxRmx2WFJXQWI4SmNzMmlsWVkyZnh3ei1adDJ3WkpUY2lZcVJqbVpVeWh2NkxHM2pFVzk1ck5GMDRzQ052WlRDLW1uSzBiT0tMSWptN0FFMXZFTjdSMWllbzNZb3pDMDM0amZIanp2V0lQRDZtQ3B3VG42cV9FTDQyWE8ySFJLU2ZDZGI5Tkl1NVNLQWhndUI0WkJJYXp4?oc=5,Reuters via Google (Politics),2026-05-12T01:02:04+00:00,,,2026-05-12T01:00:04+00:00
reuters_via_google:a3e81756432e,reuters_via_google,"US may decide on Three Mile Island restart in June, Constellation execs say - Reuters",https://news.google.com/rss/articles/CBMivAFBVV95cUxQSjFIYzhTbEZrTkFpb0JfcnR2LXM4QkRFbmN5OVdyeGZtYWFIbEFEZE5ob3FtdFdUbVZlbV9YNjdLUHRpMmdTWEJGMTI4OEZpaVBtbFl5cmRrZXJqWnk1VEtaQldVeUoyZGtQU3dNY2tGd0tybG5TdHVJTmpWV0tSQ2VvOTBTcW8yQ1c1M0hHT3NEUnhzNkM0MlE0Tlo0TDRkU29zV2gwN1I0c1lhQ2wxSERtQTM5aUhBdjhXQQ?oc=5,Reuters via Google (Politics),2026-05-12T01:52:22+00:00,,,2026-05-12T01:00:04+00:00
reuters_via_google:4d930b396bad,reuters_via_google,"Iran proposal calls for end of war and lifting of sanctions, news agency reports - Reuters",https://news.google.com/rss/articles/CBMivgFBVV95cUxObTJqTlhwQTJLdmNFa05JNklPa2VCNjdmYnNNZ1RNUmtvYkI2ZS1JcWZyQ1BiczVGZjJVd1J0Z0Z4ZEMwYU9Ud1o0N1pySjFyNmxjR3FOSG5fYlRrZ0ZZYlZ0UWpSNllEbVFKM1NlenJWMUs4emlNV0NVMU5aZ3VVZEpmLTI3TXh2dkJSdjFfd1NHdy0wYkJPS2JZMDJWUnBCeWdpQ3dIQktpY1hpYWpFS3psY2tjV3ZDdFNoU0x3?oc=5,Reuters via Google (Politics),2026-05-11T01:33:53+00:00,,,2026-05-12T01:00:04+00:00
reuters_via_google:4530cbce6cbc,reuters_via_google,"Possible gas explosion and fire in Sao Paulo kills one, damages homes - Reuters",https://news.google.com/rss/articles/CBMitwFBVV95cUxObDdtUXZpdmJHS2VDWnhVcUtIYm5EeTNMamxubkVHWGstTFM3S0hJS1d3SExSVWQ3M2ozSGkwQVQtQjNrUzZWTnI0MnJpeHNiT0UtSHQweHRYRW1xYXpUYlR4bjhHbE5meVIxRXBQSEZobHFjSlVpTGlxTG9BeG1feC03MVhwU0I5NXdLQnp6R0lkanpoRjY2LVpkTG1KMlNiX1VQT1cydGM5Q1YxalhEZml3M2Y5cm8?oc=5,Reuters via Google (Politics),2026-05-12T04:33:52+00:00,,,2026-05-12T01:00:04+00:00
reuters_via_google:f270f88fee95,reuters_via_google,Relatives of Mexico's disappeared hold Mother's Day protest ahead of World Cup - Reuters,https://news.google.com/rss/articles/CBMivgFBVV95cUxPOXZ0V3dqY1EwM3ZSVUh0a2NKMXpnTU9rb3EtdUY5dnlLWVp3SVBBOFlLYm54cE5FNFljRURFbm9WemYwb1pSUGJkaWpOYjZGM3JnVEdOVVJDZjhlVXlOQWFfSUxPSTZIRTBoM1FfVjN1TEh5YTRlakY0MGtOZE1qampzN3VTOG1oLWJoM0thTDViU3EwN1lYTHNWY2pnUGwyeExuenJYNVBZUy13aDBNeHlvdVdkRllQT0l4TUZB?oc=5,Reuters via Google (Politics),2026-05-11T00:11:00+00:00,,,2026-05-12T01:00:04+00:00
reuters_via_google:63114f2ad575,reuters_via_google,Bosnia's international envoy Schmidt to resign amid political turmoil - Reuters,https://news.google.com/rss/articles/CBMijwFBVV95cUxOU3J0SUVwcG5kV3JDc09HWUJXc1dxcG55dUppbmV6OGgtd2tJNGxpTnBkcDQ1Vmw3TW9jenBZeFJ4NEVvRVlOcWlyRkxfb1pFVE11eXpqUWhDV2Jla3d1QmI2VUx6ZU90N3lhWG5kS1pkX0N1TG5CNE1tc0s5SnZMUy1LU0h6bUlmYzlqSnprWQ?oc=5,Reuters via Google (Politics),2026-05-11T03:04:00+00:00,,,2026-05-12T01:00:04+00:00
reuters_via_google:b8ea9d4bbb31,reuters_via_google,"Three crude oil tankers exit Strait of Hormuz with trackers switched off, data shows - Reuters",https://news.google.com/rss/articles/CBMiyAFBVV95cUxPTzRScmctdkN4Ulc1ZC1Xc0pRRHVOYjFWSVdnNWY1RF82dFFxanh3LU91ajRMV3ZCcXMyaVlrSXh0YVk5TkdDMFdZZENka2xscERsTUZqSDhmOVVLd0pCU1hXQ3pvSU1nVGJVa1dUelZBaFJnMlhWLTZBVm9SUWl1bXlpdGI1SnE2V2Jnb1VjOUhuU0pMX1R3eExucUtfMUhvejlvWWk4dzNMcTJSbEpCZXFCM0pkTTZOT2pZTHM4dndXWWxNYzdETA?oc=5,Reuters via Google (Politics),2026-05-11T04:18:00+00:00,,,2026-05-12T01:00:04+00:00
reuters_via_google:097162bc5fac,reuters_via_google,"Oil prices settle higher after Trump says Iran ceasefire ""on life support"" - Reuters",https://news.google.com/rss/articles/CBMiqAFBVV95cUxPZnd6N0Zkang0NXYwR1c5V1M5ZDNWcjRaM1k5RDVidlU0UlpqRUVZcXdLSVMtd3VqYVY3RkVGa0piQVc4eERTRV94TjVIQXlUTE85Z1pwQ055cDZQNy13bmZiOC12ODJhclBzUkJiZXN0TlRXMHpOcTdlUGVrc1BUNkZfTUpSMHN0OWlrZ2ZPQjBKREtSeXZjUE1lRDdlX1JOMDU4SDZwdy0?oc=5,Reuters via Google (Politics),2026-05-11T03:08:00+00:00,,,2026-05-12T01:00:04+00:00
fed:106f6e649955,fed,"Federal Reserve Board announces approval of related applications by Columbia Bank MHC, and Columbia Financial, Inc.",https://www.federalreserve.gov/newsevents/pressreleases/orders20260508a.htm,Fed Press Releases,2026-05-09T02:00:00+00:00,,,2026-05-12T01:00:04+00:00
fed:221009d16bf5,fed,"Bowman, When Regulation Reshapes Markets: The Migration of Corporate Lending",https://www.federalreserve.gov/newsevents/speech/bowman20260508a.htm,Fed Speeches,2026-05-09T04:30:00+00:00,,,2026-05-12T01:00:04+00:00
fed:9f1b1539a8d4,fed,"Waller, Update On Federal Reserve Bank Operations",https://www.federalreserve.gov/newsevents/speech/waller20260508a.htm,Fed Speeches,2026-05-09T04:30:00+00:00,,,2026-05-12T01:00:04+00:00
fed:2192cfd9d27a,fed,"Cook, Perspectives on Tokenization and Implications for the Financial System",https://www.federalreserve.gov/newsevents/speech/cook20260508a.htm,Fed Speeches,2026-05-08T14:45:00+00:00,,,2026-05-12T01:00:04+00:00
fed:0bb8437cd210,fed,"Bowman, A Coordinated Approach to Consumer Fraud Protection",https://www.federalreserve.gov/newsevents/speech/bowman20260505a.htm,Fed Speeches,2026-05-05T19:00:00+00:00,,,2026-05-12T01:00:04+00:00
