id,domain,title,abstract,url,published,llm_maturation,llm_profit_mechanism,llm_retail_accessibility,llm_specificity,llm_horizon,llm_final,llm_flag,llm_time_to_thesis,llm_translation,llm_public_vehicles,llm_score_explanations,llm_rationale,prompt_version,model,input_tokens,output_tokens,cache_write_tokens,cache_read_tokens,cost_usd,run_timestamp
2605.00817,AI,When LLMs Stop Following Steps: A Diagnostic Study of Procedural Execution in Language Models,"Large language models (LLMs) often achieve strong performance on reasoning benchmarks, but final-answer accuracy alone does not show whether they faithfully execute the procedure specified in a prompt. We study this question through a controlled diagnostic benchmark for procedural execution, where models are given a step-wise arithmetic algorithm and two numeric inputs, and must return the final computed value. The benchmark uses simple arithmetic operations but increases complexity through algorithm length and look-back dependencies over intermediate variables. Across 14 models and 55 datasets, average first-answer accuracy drops from 61% on 5-step procedures to 20% on 95-step procedures. Generation-level analysis shows that failures often involve missing answers, premature answers, self-correction after an initial error, under-executed traces, and hallucinated extra steps. These findings suggest that apparent reasoning ability can mask substantial weaknesses in faithful instruction execution.",https://arxiv.org/abs/2605.00817v1,2026-05-01T17:55:47Z,6,3,2,7,6,4.0,skip,5+yr,"The researchers built a controlled test to see if LLMs can faithfully follow multi-step procedural instructions — not just get the right answer, but actually execute each step correctly. They found that across 14 models, accuracy on 5-step arithmetic procedures is 61% but collapses to 20% on 95-step procedures, with failure modes like skipping steps, hallucinating extra steps, and premature answers. This is diagnostic research that exposes a fundamental LLM weakness, but it doesn't point to a near-term product or a specific company that profits from the finding.",[],"{""maturation"": ""The paper runs a systematic benchmark across 14 models and 55 datasets with explicit quantitative results, making it more than a novelty proposal, but the benchmark itself is newly introduced rather than confirming prior established results."", ""profit_mechanism"": ""This is a diagnostic study that reveals LLM weaknesses; it doesn't create a product or process someone can sell, and the findings diffuse broadly across the entire LLM ecosystem without giving pricing power to any single player."", ""retail_accessibility"": ""The findings benefit AI labs and researchers improving their models, but there is no identifiable public company whose stock is load-bearing on this specific diagnostic insight \u2014 it gets absorbed into general LLM R&D across private and public giants alike."", ""specificity"": ""The paper gives concrete quantitative results \u2014 61% accuracy at 5 steps falling to 20% at 95 steps across 14 models \u2014 with specific failure mode taxonomy, which is unusually concrete for a diagnostic study."", ""horizon"": ""Understanding and fixing LLM instruction-following is genuinely important for the long-term reliability of AI systems, but this is a diagnostic paper on a specific failure mode rather than a solution, and the topic is a sub-problem within the broader AI reliability space.""}","Hard cap applies — no identifiable public vehicle benefits specifically from this diagnostic finding, and the insight diffuses across the industry as generic LLM research with no pricing power captured anywhere.",v0.4-2026-05-05,claude-sonnet-4-6,233,567,3614,0,0.022756,2026-05-05T22:34:36
2605.00793,AI,Unsupervised Denoising of Real Clinical Low Dose Liver CT with Perceptual Attention Networks,"With the development of deep learning, medical image processing has been widely used to assist clinical research. This paper focuses on the denoising problem of low-dose computed tomography using deep learning. Although low-dose computed tomography reduces radiation exposure to patients, it also introduces more noise, which may interfere with visual interpretation by physicians and affect diagnostic results. To address this problem, inspired by Cycle-GAN for unsupervised learning, this paper proposes an end-to-end unsupervised low-dose computed tomography denoising framework. The proposed framework combines a U-Net structure for multi-scale feature extraction, an attention mechanism for feature fusion, and a residual network for feature transformation. It also introduces perceptual loss to improve the network for the characteristics of medical images. In addition, we construct a real low-dose computed tomography dataset and design a large number of comparative experiments to validate the proposed method, using both image-based evaluation metrics and medical evaluation criteria. Compared with classical methods, the main advantage of this paper is that it addresses the limitation that real clinical data cannot be directly used for supervised learning, while still achieving excellent performance. The experimental results are also professionally evaluated by imaging physicians and meet clinical needs.",https://arxiv.org/abs/2605.00793v1,2026-05-01T17:19:15Z,5,4,3,5,5,4.0,skip,2-5yr,"This paper builds an AI system that cleans up noisy images from low-dose CT scans without needing paired clean/noisy training data — a practical constraint in real hospital settings where you only have one image per patient. The clinical angle is real: if radiologists can get diagnostic-quality images from lower radiation doses, hospitals could adopt this broadly. However, this is an academic method paper competing in a crowded space (many teams are working on CT denoising), and there's no named commercial partner or clear path to a specific public company capturing the value.",[],"{""maturation"": ""The paper proposes a new framework combining several known components (CycleGAN, U-Net, attention, residual networks, perceptual loss) rather than confirming a consolidated result \u2014 stylistically it's incremental-novel, not convergent."", ""profit_mechanism"": ""Medical image denoising has commercial applications in radiology software, but the method is academically published and freely available, making it hard for any single company to capture pricing power from this specific work."", ""retail_accessibility"": ""The beneficiaries would likely be radiology AI startups (mostly private) or medical imaging divisions of large diversified conglomerates like Siemens Healthineers or GE HealthCare, where this paper's signal is swamped by scale."", ""specificity"": ""The paper reports image-quality metrics and physician evaluation, but doesn't give concrete quantitative improvement numbers against named commercial baselines in the abstract \u2014 only 'compared with classical methods' and 'excellent performance.'"", ""horizon"": ""CT denoising improves an existing workflow without fundamentally restructuring radiology or creating a new market \u2014 meaningful but bounded improvement to an existing large industry.""}","The paper addresses a real clinical problem but is a novel-framework proposal with no named commercial partner, and any beneficiary would be a private startup or large conglomerate — making it unactionable for a retail investor in the 2-year window.",v0.4-2026-05-05,claude-sonnet-4-6,307,555,0,3614,0.01033,2026-05-05T22:34:50
2605.00789,AI,Make Your LVLM KV Cache More Lightweight,"Key-Value (KV) cache has become a de facto component of modern Large Vision-Language Models (LVLMs) for inference. While it enhances decoding efficiency in Large Language Models (LLMs), its direct adoption in LVLMs introduces substantial GPU memory overhead due to the large number of vision tokens processed during the prefill stage. To tackle this problem, we propose LightKV, a novel approach that reduces KV cache size by exploiting the redundancy among vision-token embeddings. Guided by text prompts, LightKV employs cross-modality message passing to aggregate informative messages across vision tokens and progressively compress them during prefill. This prompt-aware guidance distinguishes our method from prior vision-only compression strategies. We evaluate LightKV on eight open-source LVLMs across eight public benchmark datasets, e.g., MME and SeedBench. Experimental results demonstrate that with only 55% of the original vision tokens, LightKV (a) halves the vision-token KV cache size, (b) reduces computation by up to 40%, and (c) preserves general-purpose performance while significantly outperforming existing baselines.",https://arxiv.org/abs/2605.00789v1,2026-05-01T17:11:39Z,6,4,3,7,6,4.5,watchlist,2-5yr,"This paper introduces a method called LightKV that compresses the memory footprint of large vision-language models (models that process both images and text) during inference, cutting the memory used by vision tokens roughly in half while reducing computation by up to 40% with minimal accuracy loss across 8 models and 8 benchmarks. The commercial relevance is in reducing the GPU memory cost of running multimodal AI — lower inference costs mean cheaper API calls or the ability to run larger models on the same hardware. The benefit, however, flows broadly to whoever deploys LVLMs (cloud providers, enterprises) rather than creating a moat for a specific investable company.",[],"{""maturation"": ""The paper benchmarks against named prior baselines across 8 models and 8 datasets with concrete numbers (55% tokens, 50% cache, 40% compute reduction), placing it in solid incremental territory, though the 'we propose LightKV' framing signals it is still a first-introduction paper rather than a consolidating replication."", ""profit_mechanism"": ""Inference efficiency gains diffuse broadly across any LVLM deployer rather than accruing to a single company with pricing power \u2014 the method is presented as open research with no named commercial partner or exclusive deployment."", ""retail_accessibility"": ""The benefit lands primarily at hyperscalers and cloud AI providers (AWS, Azure, GCP) or NVIDIA via reduced memory pressure, but in all cases the signal is swamped by the scale of those conglomerates, leaving no clean pure-play investable vehicle."", ""specificity"": ""The claims are quantitatively concrete \u2014 55% token retention halves KV cache size, 40% compute reduction, evaluated on 8 open-source LVLMs and 8 benchmarks \u2014 giving this above-average specificity for an efficiency paper."", ""horizon"": ""Multimodal AI inference efficiency is a real and growing cost problem as LVLMs proliferate, but efficiency methods are commodity enablers that don't structurally reshape a sector \u2014 meaningful but bounded ceiling.""}","Solid inference-efficiency paper with concrete numbers, but the benefit diffuses across the entire LVLM ecosystem with no identifiable pure-play public vehicle, triggering the accessibility cap and landing this as watchlist at best.",v0.4-2026-05-05,claude-sonnet-4-6,295,628,0,3614,0.011389,2026-05-05T22:35:05
2605.00782,AI,GeoContra: From Fluent GIS Code to Verifiable Spatial Analysis with Geography-Grounded Repair,"Reliable spatial analysis in GIScience requires preserving coordinate semantics, topology, units, and geographic plausibility. Current LLM-based GIS systems generate fluent scripts but rarely enforce these geographic rules at scale. We present GeoContra, a verification and repair framework for LLM-driven Python GIS workflows. It represents each task as an executable geospatial contract-including natural-language questions, schemas, CRS metadata, expected outputs, spatial predicates, topology, metrics, required operations, and forbidden shortcuts. Generated programs undergo static rule inspection, runtime validation, and semantic verification, with violations fed back into a bounded repair loop. Evaluated on 7,079 real geospatial tasks across 15 Boston-area zones, 9 task families, and 11 open-source models (600 runs each), GeoContra improves spatial correctness on closed models from 47.6% to 77.5% for DeepSeek-V4 and from 57.7% to 81.5% for Kimi-K2.5. Across 11 open models, average correctness rises by 26.6%. GeoContra turns fluent code production into verifiable spatial analysis, catching negative travel times, CRS/field-schema violations, missing predicates, and brittle output casts that otherwise yield executable but geographically invalid results.",https://arxiv.org/abs/2605.00782v1,2026-05-01T16:58:24Z,7,4,3,8,5,4.5,watchlist,2-5yr,"GeoContra is a framework that wraps around AI coding assistants to catch and fix geospatial errors — like wrong coordinate systems, impossible travel times, or missing geographic constraints — that LLMs produce when writing GIS analysis scripts. Evaluated on over 7,000 real tasks, it pushed accuracy from ~50-58% to ~78-82% on top models, which is a substantial improvement for anyone relying on AI-generated spatial analysis code. The nearest commercial angle is GIS software vendors (Esri, Trimble, Hexagon) or geospatial analytics platforms that could embed this kind of verification layer, but none of these are clean pure-play public vehicles where this paper's mechanism would be detectably load-bearing.",[],"{""maturation"": ""The paper benchmarks across 11 open-source models with 600 runs each on 7,079 real tasks and reports specific accuracy improvements against a clear baseline, placing it firmly in the consolidating/applied tier rather than first-discovery novelty."", ""profit_mechanism"": ""The mechanism improves geospatial AI accuracy, which has commercial value in infrastructure, urban planning, and logistics, but the framework is unlikely to be proprietary \u2014 it reads more like an open methodology than a defensible product moat."", ""retail_accessibility"": ""Geospatial software companies like Esri are private, and public conglomerates with GIS exposure (Trimble, Hexagon) are large enough that this specific improvement would be invisible in their financials."", ""specificity"": ""Highly specific: concrete accuracy numbers (47.6% to 77.5%, 57.7% to 81.5%), 7,079 tasks, 11 models, named geographies, and a detailed taxonomy of error types caught."", ""horizon"": ""Reliable AI-generated geospatial analysis is a meaningful capability improvement for a large industry (urban planning, logistics, infrastructure), but it doesn't restructure or create new markets \u2014 it automates an existing workflow.""}","Strong technical result with clear benchmarks, but the geospatial AI verification niche lacks a clean public-equity vehicle where this paper's mechanism would be detectable, capping actionability despite the specificity of the claims.",v0.4-2026-05-05,claude-sonnet-4-6,355,618,0,3614,0.011419,2026-05-05T22:35:21
2605.00754,AI,Themis: Training Robust Multilingual Code Reward Models for Flexible Multi-Criteria Scoring,"Reward models (RMs) have become an indispensable fixture of the language model (LM) post-training playbook, enabling policy alignment and test-time scaling. Research on the application of RMs in code generation, however, has been comparatively sparse, with existing work largely focusing on execution feedback. This choice constrains post-training to optimizing functional correctness over self-contained executable code. In this work, we examine the training and evaluation of multilingual, multi-criteria code RMs. To this end, we first compile Themis-CodeRewardBench, a benchmark to evaluate code RMs across five preference dimensions (i.e., criteria) and eight programming languages, on which we profile 50+ code, math, and general-purpose RMs. Observing the limited proficiency of current RMs beyond scoring for functional correctness, we develop Themis-CodePreference, the largest open-source collection of code preferences to date (more than 350k preference pairs), and use it to train Themis-RM, a suite of multilingual code reward models for flexible multi-criteria scoring, ranging in size from 600M to 32B parameters. Our experiments and ablations demonstrate positive scaling trends, strong cross-lingual transfer when training on diverse preferences, and the importance of multi-criteria training for reliable code reward modeling.",https://arxiv.org/abs/2605.00754v1,2026-05-01T16:07:34Z,7,4,3,7,6,4.5,skip,2-5yr,"The researchers built a comprehensive evaluation benchmark and training dataset for AI models that score code quality across multiple dimensions (not just 'does it run correctly?') and eight programming languages, then trained a suite of reward models from 600M to 32B parameters that outperform existing approaches. Better code reward models accelerate the improvement of AI coding assistants by giving them richer feedback during training. The beneficiaries are primarily the large AI labs and coding assistant companies building post-training pipelines — mostly private or conglomerate-scale players where this kind of infrastructure improvement is invisible in any stock price.",[],"{""maturation"": ""The paper explicitly benchmarks 50+ existing reward models, compiles the largest open-source preference dataset to date (350k pairs), and shows scaling trends across model sizes \u2014 this is consolidating infrastructure work, not a first-discovery proposal."", ""profit_mechanism"": ""Better code reward models improve coding AI products, but the dataset is open-source and the benefit diffuses across the entire industry with no pricing power captured by any single entity."", ""retail_accessibility"": ""The primary beneficiaries are AI labs and large tech companies building LLM post-training pipelines \u2014 this is infrastructure that improves Google, Microsoft, and private companies like Anthropic, with no clean pure-play public vehicle."", ""specificity"": ""The abstract cites concrete numbers: 350k+ preference pairs, 50+ RMs profiled, 600M\u201332B parameter range, five preference dimensions, eight programming languages \u2014 making the claims reasonably verifiable and specific."", ""horizon"": ""Reward modeling for code is an important component of the AI coding assistant wave, which is a meaningful but bounded improvement to software development productivity rather than a civilizational-scale transformation.""}",Open-source infrastructure that diffuses benefit across the entire AI industry with no identifiable pure-play public vehicle; retail_accessibility below threshold caps the final score regardless of technical merit.,v0.4-2026-05-05,claude-sonnet-4-6,336,540,0,3614,0.010192,2026-05-05T22:35:34
2605.00214,Quantum,Generation of Tunable Entanglement from Thin-Film Lithium Niobate,"Entangled photon pairs play a major role in various modern technologies such as quantum imaging, communication, and computing. Conventional photon-pair sources are often based on spontaneous parametric down-conversion in bulk nonlinear crystals. Recent advances have also shown entangled photon-pairs from transition metal dichalcogenide thin-films, however, these materials are not widely available and are not compatible with existing fabrication capabilities. We present a new thin-film lithium niobate source of polarization-entangled photon pairs at the telecom wavelength that requires no additional optical elements for entanglement generation and allows for easy application using the existing lithium niobate fabrication technologies. We demonstrate tunable entanglement generation using the three-fold rotational crystal symmetry of lithium niobate, allowing the generation of different maximally entangled Bell states or completely separable states depending on the polarization of the pump beam.",https://arxiv.org/abs/2605.00214v1,2026-04-30T20:43:28Z,5,5,4,6,7,4.5,watchlist,2-5yr,"This paper demonstrates a new way to generate pairs of entangled photons — the workhorse resource for quantum communication and computing — using thin-film lithium niobate, a material already widely used in commercial photonics chips. Unlike prior approaches that need bulky crystals or exotic materials, this source works at telecom wavelengths, requires no extra optical components, and is compatible with existing chip fabrication. The commercial relevance is that lithium niobate on insulator (LNOI) is already the platform of choice for high-speed optical modulators sold by companies like Coherent and POET Technologies, meaning entangled-photon generation could eventually be integrated into the same foundry supply chain that serves classical optical networking — though device-level commercialization is likely 2-5 years out.","[""COHR"", ""IIVI""]","{""maturation"": ""The paper introduces a new source architecture ('We present a new thin-film lithium niobate source') rather than confirming or extending an established platform, placing it in mid-range as a credible first result on a promising substrate but not yet a consolidating finding."", ""profit_mechanism"": ""Lithium niobate is a commercially manufactured material with an existing foundry ecosystem, giving this a clearer path to value capture than exotic materials \u2014 but the paper stops at proof-of-concept demonstration without naming a commercial partner or describing a manufacturable product."", ""retail_accessibility"": ""Coherent (COHR) and similar integrated photonics companies already sell lithium niobate components and have the foundry infrastructure, providing a real but indirect public-vehicle link; the signal would be diluted within their broader product portfolios."", ""specificity"": ""The paper demonstrates tunable Bell-state generation using crystal symmetry at telecom wavelengths with no additional optics, which is concrete, but quantitative figures (e.g., coincidence rates, fidelity numbers) are not stated in the abstract."", ""horizon"": ""Quantum communication and quantum networking, if they mature, represent a major new infrastructure layer for secure communications globally \u2014 the topic area has high transformative ceiling even if this individual paper is an early-stage component demonstration.""}","Interesting platform match (LNOI is commercially real) but this is a first-demonstration paper with no commercial partner and only indirect public-vehicle exposure, making it a watchlist rather than an actionable thesis today.",v0.4-2026-05-05,claude-sonnet-4-6,248,649,0,3614,0.011563,2026-05-05T22:35:49
2605.00471,Robotics,Stereo Multistage Spatial Attention for Real-Time Mobile Manipulation Under Visual Scale Variation and Disturbances,"Robots operating in open, unstructured real-world environments must rely on onboard visual perception while autonomously moving across different locations. Continuous changes in onboard camera viewpoints cause significant visual scale variations in target objects, affecting vision-based motion generation. In this work, we present a stereo multistage spatial attention-based deep predictive learning method for real-time mobile manipulation. The proposed methods extracts task-relevant spatial attention points from stereo images and integrates them with robot states through a hierarchical recurrent architecture for closed-loop action prediction. We evaluate the system on four real-world mobile manipulation tasks using a mobile manipulator, including rigid placement, articulated object manipulation, and deformable object interaction. Experiments under randomized initial positions and visual disturbance conditions demonstrate improved robustness and task success rates compared to representative imitation learning and vision-language-action baselines under identical control settings. The results indicate that structured stereo spatial attention combined with predictive temporal modeling provides an effective solution within the evaluated mobile manipulation scenarios.",https://arxiv.org/abs/2605.00471v1,2026-05-01T07:18:11Z,6,5,4,6,7,4.5,watchlist,2-5yr,"This paper presents a vision system for mobile robots that uses stereo cameras and a hierarchical attention mechanism to handle objects at varying distances and visual disturbances, enabling closed-loop manipulation in real environments. The system was tested on four real-world tasks (placing objects, manipulating doors/drawers, handling deformable objects) and outperformed imitation learning and vision-language-action model baselines. The commercial relevance is in warehouse and service robotics, where robust real-world visual perception under scale variation is a key bottleneck — companies like Symbotic or Teradyne (via MiR and Universal Robots) are closest public-vehicle analogues, though this specific method isn't load-bearing to any one company's near-term revenue.","[""TER"", ""SYM""]","{""maturation"": ""The paper benchmarks against named baselines (imitation learning and vision-language-action models) across four real-world tasks, placing it solidly in incremental/comparative territory rather than pure first-discovery, but it introduces a novel architecture rather than confirming a prior line of convergent results."", ""profit_mechanism"": ""Mobile manipulation robustness is commercially valuable for warehouse and service robots, but this is a general perception/control method that could be used by many robotics companies rather than creating pricing power for one specific player."", ""retail_accessibility"": ""The mechanism maps to the mobile robotics sector where public companies like Teradyne (owns UR and MiR) and Symbotic exist, but no single company has a clear first-mover lock on this specific approach, diluting the investable signal."", ""specificity"": ""Results are demonstrated on four real-world hardware tasks with named baselines, but the abstract doesn't provide concrete quantitative success-rate numbers, limiting how load-bearing the claims are."", ""horizon"": ""Mobile manipulation in unstructured environments is a genuine bottleneck for the broader robotics industry; if solved at scale, it unlocks enormous labor displacement value in warehouses, logistics, and service settings.""}","Solid real-world robotics result with named baselines but no concrete success-rate numbers published in the abstract, benefits a broad robotics sector rather than a single investable pure-play, and represents an incremental architectural contribution rather than a convergent confirmation of a commercial-ready solution.",v0.4-2026-05-05,claude-sonnet-4-6,272,629,0,3614,0.011335,2026-05-05T22:36:05
2605.00416,Robotics,Learning while Deploying: Fleet-Scale Reinforcement Learning for Generalist Robot Policies,"Generalist robot policies increasingly benefit from large-scale pretraining, but offline data alone is insufficient for robust real-world deployment. Deployed robots encounter distribution shifts, long-tail failures, task variations, and human correction opportunities that fixed demonstration datasets cannot fully capture. We present Learning While Deploying (LWD), a fleet-scale offline-to-online reinforcement learning framework for continual post-training of generalist Vision-Language-Action (VLA) policies. Starting from a pretrained VLA policy, LWD closes the loop between deployment, shared physical experience, policy improvement, and redeployment by using autonomous rollouts and human interventions collected across a robot fleet. To stabilize learning from heterogeneous, sparse-reward fleet data, LWD combines Distributional Implicit Value Learning (DIVL) for robust value estimation with Q-learning via Adjoint Matching (QAM) for policy extraction in flow-based VLA action generators. We validate LWD on a fleet of 16 dual-arm robots across eight real-world manipulation tasks, including semantic grocery restocking and 3--5 minute long-horizon tasks. A single generalist policy improves as fleet experience accumulates, reaching an average success rate of 95%, with the largest gains on long-horizon tasks.",https://arxiv.org/abs/2605.00416v1,2026-05-01T05:20:26Z,8,7,6,8,8,7.0,thesis,<2yr,"This paper presents a system where a fleet of 16 real robots continuously improves a shared AI policy during normal deployment — learning from their own mistakes and from human corrections — without needing to go back offline for retraining. The system achieves a 95% average success rate across complex manipulation tasks including multi-minute grocery restocking sequences, with the biggest gains on the hardest long-horizon tasks. For an investor, this is the kind of consolidating infrastructure result that makes commercial robot deployments economically viable — it directly addresses the 'last mile' failure problem that has kept industrial robot deployments expensive and brittle; the nearest public-vehicle angle is companies like Symbotic or Richtech Robotics where fleet-scale manipulation is the core product, though the method itself could accelerate any hardware vendor with a deployed robot fleet.","[""SYM"", ""RR"", ""CART"", ""AGYS""]","{""maturation"": ""The paper benchmarks on 16 real robots across 8 tasks with a named 95% success rate, explicitly positions itself as a post-pretraining continual learning framework extending the VLA paradigm \u2014 this is consolidating applied work, not a first-discovery proposal."", ""profit_mechanism"": ""Fleet-scale continual learning directly reduces the cost and failure rate of robot deployments, giving robot fleet operators (or robot-as-a-service companies) a compounding moat as fleet experience accumulates \u2014 though the framework is a method rather than a proprietary product tied to one company."", ""retail_accessibility"": ""Fleet manipulation robots are a real, investable sector with pure-play public companies (Symbotic, Richtech), but the framework itself is not proprietary to a single named commercial partner, so signal is somewhat diluted across the field."", ""specificity"": ""95% average success rate across 8 real-world tasks on 16 physical robots with named algorithmic components (DIVL, QAM) and specific task types (grocery restocking, 3-5 minute long-horizon tasks) \u2014 concrete and reproducible claims."", ""horizon"": ""Fleet-scale continual learning for generalist robot policies is a core enabling layer for commercial robotics at scale; full success in this topic area reshapes logistics, retail fulfillment, and home robotics \u2014 a major-sector transformative potential.""}","Concrete 95%-success-rate fleet result on real hardware across diverse manipulation tasks positions this as a commercialization-phase consolidating paper in a sector with accessible public vehicles, making it actionable within the 2-year window.",v0.4-2026-05-05,claude-sonnet-4-6,326,679,0,3614,0.012247,2026-05-05T22:36:22
2604.28057,Robotics,Framework for Collaborative Operation of Autonomous Delivery Vehicles Within a Marshaling Yard,"As autonomous vehicles slowly deploy into urban roads for limited use cases with significant edge case issues, closed facilities like marshaling yards provide a ripe case for combining lower-level vehicle autonomy with fixed infrastructure to create full autonomy without similar edge case concerns. Within a delivery marshaling yard, electric fleet vehicles complete a set of sequential tasks (charging, inspection, cleaning, and loading) before exiting the yard with their new load of deliveries. Hybrid automation of the vehicles and infrastructure can allow these vehicles to reach full autonomy and navigate the facility without the need of a driver, allowing for quicker movement between tasks increasing vehicle throughput. However, isolated autonomous operations based on static rules are prone to gridlock causing facility failures that temporarily shut down operations. Our orchestrated autonomy solution uses decentralized, dynamic priority scoring of vehicles based on the current status of the marshaling yard to optimally assign vehicles to tasks to increase vehicle throughput. Using a simulated facility with three marshaling yard sizes (small, medium, and large) and three demand levels (low, medium, high), we demonstrated that our orchestration solution increases vehicle throughput above static, isolated autonomy for all combinations of yard size and demand, while reducing facility failures at high demand levels.",https://arxiv.org/abs/2604.28057v1,2026-04-30T16:02:59Z,6,6,5,7,5,5.5,watchlist,2-5yr,"This paper presents an orchestration system for autonomous electric delivery vehicles operating inside closed logistics yards — handling charging, inspection, cleaning, and loading in sequence — using dynamic priority scoring instead of fixed rules to prevent gridlock and improve throughput. The system was tested in simulation across nine combinations of yard size and demand level, showing consistent throughput gains and fewer facility failures at high demand. The nearest public-vehicle angle would be companies deploying autonomous last-mile logistics fleets or building yard management software, such as Gatik, Outrider (private), or large logistics operators like UPS or FedEx who are actively building out automated depot infrastructure.","[""UPS"", ""FDX""]","{""maturation"": ""The paper tests across multiple simulated configurations (3 yard sizes \u00d7 3 demand levels) and compares against a static-rules baseline, suggesting solid incremental work rather than a first-proposal novelty, but it is still simulation-only without real-world deployment data."", ""profit_mechanism"": ""The mechanism is clear \u2014 faster vehicle throughput and fewer operational failures in delivery yards translates directly to cost savings for fleet operators \u2014 but the benefit is spread across many potential adopters rather than captured by a single vendor with pricing power."", ""retail_accessibility"": ""Large public logistics companies (UPS, FedEx) operate exactly this type of marshaling yard infrastructure, but the signal would be diluted within their massive operations; pure-play yard automation companies like Outrider are still private."", ""specificity"": ""The paper provides concrete comparative results across nine simulation scenarios showing the orchestrated approach outperforms static autonomy in all cases, including measurable reduction in facility failures at high demand \u2014 specific enough to be credible but limited to simulation."", ""horizon"": ""Autonomous yard logistics is a real and growing market, but it is a bounded improvement to existing delivery infrastructure rather than a sector-restructuring technology \u2014 meaningful operational efficiency gains, not civilizational transformation.""}","Solid simulation-validated orchestration result with a clear operational use case, but the commercial path runs through either private startups or conglomerates where the signal would be nearly invisible in the stock price within a 2-year window.",v0.4-2026-05-05,claude-sonnet-4-6,302,592,0,3614,0.01087,2026-05-05T22:36:37
2605.00464,Energy,An Advanced Epitaxial Strategy Enabling Vertical GaN Devices on Silicon Wafers,"While vertical GaN-on-silicon architectures promise a transformative leap in cost-effective power electronics and high-resolution micro-LEDs, their deployment remains bottlenecked by the high electrical resistance of conventional epitaxial buffer layers. Here, a universal and straightforward sputtering-based strategy is presented to realize high quality GaN epitaxial films on Si(111) substrates characterized by exceptionally low vertical resistance, ohmic behavior, and robust thermal stability. This technique centers on the in-situ formation of a sub nanometer (0.5 nm) silicide-based template via rapid thermal annealing method demonstrating unprecedented versatility across 25 different metallic species. Scanning transmission electron microscopy (STEM) reveals that a unique amorphous like interlayer (AL-IL) effectively accommodates lattice mismatch and relaxes epitaxial strain. These AL-IL templates further serve as high performance platforms for metalorganic chemical vapor deposition (MOCVD) overgrowth, successfully bridging the gap between scalable, low-cost fabrication and device-grade vertical performance.",https://arxiv.org/abs/2605.00464v1,2026-05-01T06:59:43Z,6,6,4,7,7,5.5,watchlist,2-5yr,"This paper demonstrates a new manufacturing technique for growing high-quality gallium nitride (GaN) semiconductor films directly on cheap silicon wafers — a key step toward making GaN-based power chips and micro-LEDs much less expensive to produce. The breakthrough is a ultra-thin silicide layer (0.5 nanometers) that solves the longstanding problem of electrical resistance in the buffer layer between GaN and silicon, which previously blocked vertical current flow needed for power devices. If this technique scales into production, it could benefit GaN power device makers who currently rely on costly silicon carbide or standalone GaN substrates — companies like Wolfspeed, onsemi, and STMicroelectronics compete in this space and would be affected by a dramatic substrate cost reduction.","[""WOLF"", ""ON"", ""STM"", ""AEHR""]","{""maturation"": ""The paper presents a new sputtering-based strategy ('here, a strategy is presented') with 25 metallic species tested, suggesting broad validation rather than a single proof of concept, but the language is still framed as introducing a technique rather than confirming prior industrialization efforts."", ""profit_mechanism"": ""GaN power devices are a real and growing market with named public companies; reducing substrate cost via silicon wafers directly attacks one of the field's key cost barriers, but the paper stops at MOCVD overgrowth demonstration and doesn't name a commercial partner or describe a production-ready process."", ""retail_accessibility"": ""Wolfspeed (WOLF), onsemi (ON), and STMicroelectronics (STM) are all public pure-plays or significant participants in GaN power electronics where a cheaper GaN-on-silicon substrate technology would be load-bearing to their cost structure \u2014 this clears the minimum threshold, though translation from lab technique to fab adoption adds uncertainty."", ""specificity"": ""The paper provides concrete structural characterization via STEM, specifies the 0.5 nm silicide interlayer geometry, tests 25 different metallic species, and demonstrates ohmic vertical behavior \u2014 quantitatively grounded rather than directional."", ""horizon"": ""GaN power semiconductors are central to EV powertrains, data center power conversion, and industrial motor drives \u2014 markets worth hundreds of billions \u2014 and a cost-competitive GaN-on-silicon path would meaningfully reshape the competitive landscape relative to SiC and bulk GaN.""}","Technically credible substrate cost-reduction method for GaN power devices with real public-company beneficiaries, but still in the materials-demonstration phase — worth revisiting when fab adoption or licensing announcements emerge.",v0.4-2026-05-05,claude-sonnet-4-6,284,694,0,3614,0.012346,2026-05-05T22:36:53
2604.25559,Climate,Representing the Surface Ocean in ECMWF's data-driven forecasting system AIFS,"Machine-learning (ML) models, such as the AIFS at the ECMWF, have revolutionised weather forecasting in recent years. We present an extension of the AIFS that jointly models the atmosphere and surface ocean, including ocean waves and sea ice. The primary objective of this extension is to enhance machine-learning medium-range forecasting and enable new use cases by expanding the weather state to better capture coupled surface processes. Our approach departs from traditional numerical models by not having two separate models for the atmosphere and marine components. The joint model instead learns correlations across the entire atmosphere-ocean interface in a component-agnostic way, and can exploit the expressive capacity of ML architectures to learn cross-component relationships directly from the data.   We leverage tailored and targeted datasets and solve model design challenges such as missing values over land, multi-scale temporal dynamics, and physical realism of forecast fields and demonstrate the utility of loss scaling in guiding the learning process. We evaluate how representing the surface ocean affects medium-range weather forecasts. We also assess the model's ability to predict surface-ocean fields, including wave swell and tropical-cyclone cold wakes. For nearly all evaluated marine variables, we observe an improvement of approximately one day in forecast skill at medium-range lead times compared to physics-based models. Furthermore, we demonstrate that the model is robust to idealised initial conditions outside the training distribution and responds to them in a physically consistent way. Overall, our findings suggest that the joint AIFS modelling approach offers significant potential for combined atmosphere-ocean forecasting. Our work provides a solid foundation for future development of data-driven coupled Earth system models with greater flexibility and physical fidelity.",https://arxiv.org/abs/2604.25559v1,2026-04-28T12:30:00Z,7,5,4,7,6,4.5,watchlist,2-5yr,"ECMWF's AI-based weather forecasting system (AIFS) has been extended to jointly model the atmosphere and surface ocean — including waves and sea ice — in a single ML framework rather than coupling separate physics models. The system shows roughly one extra day of forecast skill for marine variables compared to traditional physics-based models, which is a meaningful quantitative improvement in an established benchmark. The nearest public investment angle would be companies whose products depend on accurate marine weather forecasting: offshore wind operators, maritime logistics, and re/insurance firms, but none of these map cleanly to a single pure-play public equity where this paper's mechanism is load-bearing.",[],"{""maturation"": ""The paper extends an already-deployed operational ML forecasting system (AIFS at ECMWF) with concrete benchmarks against physics-based models, showing ~1-day forecast skill improvement \u2014 this is consolidating applied work, not a first-discovery proposal."", ""profit_mechanism"": ""Better marine forecasting has real commercial value in shipping, offshore energy, and insurance, but ECMWF is a non-profit intergovernmental organization and the direct revenue beneficiaries are diffuse across many industries without a clear pricing-power holder."", ""retail_accessibility"": ""No single public company captures the value of improved ECMWF marine forecasting in a way that would be detectable in its stock price; the benefit diffuses across shipping, energy, and insurance sectors broadly."", ""specificity"": ""The abstract provides concrete quantitative claims \u2014 approximately one day of improved forecast skill for nearly all marine variables at medium-range lead times \u2014 and describes specific technical challenges solved (missing land values, multi-scale temporal dynamics, loss scaling)."", ""horizon"": ""Improved coupled atmosphere-ocean forecasting matters for climate adaptation, offshore energy, and disaster preparedness, but this is an improvement to an existing operational tool rather than a fundamentally new market or civilizational-scale shift.""}","Technically strong and quantitatively concrete extension of an operational ML forecasting system, but the value diffuses across too many industries without a pure-play public vehicle that would make this actionable for a retail investor.",v0.4-2026-05-05,claude-sonnet-4-6,402,589,0,3614,0.011125,2026-05-05T22:37:08
